dateTime,BandAccX,BandAccY,BandAccZ,rate,rateZone
2024-06-06 12:08:02.725,805.6,7436.4,658.0,108,0.56
2024-06-06 12:08:02.933,2236.6,292.6,285.4,108,0.56
2024-06-06 12:08:03.129,1759.0,7999.8,1163.0,108,0.56
2024-06-06 12:08:03.386,-1742.8,1296.8,1109.4,108,0.56
2024-06-06 12:08:03.537,726.1666666666666,7518.833333333333,15.5,108,0.56
2024-06-06 12:08:03.731,2421.6,-655.4,500.2,108,0.56
2024-06-06 12:08:03.925,961.0,8980.2,1176.0,108,0.56
2024-06-06 12:08:04.151,-2507.8333333333335,2764.5,310.6666666666667,108,0.56
2024-06-06 12:08:04.330,2092.8,5590.6,217.0,108,0.56
2024-06-06 12:08:04.526,4498.6,3112.8,81.8,108,0.56
2024-06-06 12:08:04.738,-1535.0,4924.166666666667,1185.6666666666667,108,0.56
2024-06-06 12:08:05.006,-2172.2,7210.6,-386.6,108,0.56
2024-06-06 12:08:05.125,3230.2,1468.8,347.0,108,0.56
2024-06-06 12:08:05.337,1934.6666666666667,7391.166666666667,175.16666666666666,108,0.56
2024-06-06 12:08:05.534,-2497.4,462.0,570.4,108,0.56
2024-06-06 12:08:05.770,-456.2,9757.8,1248.6,108,0.56
2024-06-06 12:08:06.035,2818.2,-212.0,498.2,108,0.56
2024-06-06 12:08:06.134,1028.3333333333333,8355.0,712.8333333333334,108,0.56
2024-06-06 12:08:06.342,-1624.6,323.4,702.4,108,0.56
2024-06-06 12:08:06.552,-324.2,8875.8,-148.0,108,0.56
2024-06-06 12:08:06.734,3425.8333333333335,2209.1666666666665,536.6666666666666,108,0.56
2024-06-06 12:08:07.038,-2257.4,6271.4,1536.6,108,0.56
2024-06-06 12:08:07.152,-3008.4,3440.2,-218.4,108,0.56
2024-06-06 12:08:07.346,2240.3333333333335,4221.5,212.16666666666666,108,0.56
2024-06-06 12:08:07.544,2468.4,7810.4,-577.0,114,0.6
2024-06-06 12:08:07.736,-2202.8,2339.0,643.2,114,0.6
2024-06-06 12:08:08.022,-2700.0,6926.166666666667,384.8333333333333,114,0.6
2024-06-06 12:08:08.144,3193.2,-545.0,411.6,114,0.6
2024-06-06 12:08:08.372,1472.0,8994.6,-446.0,114,0.6
2024-06-06 12:08:08.528,-1419.2,1050.8,1390.0,114,0.6
2024-06-06 12:08:08.769,-822.3333333333334,8297.666666666666,-116.66666666666667,114,0.6
2024-06-06 12:08:08.936,3343.2,-762.2,256.4,114,0.6
2024-06-06 12:08:09.129,-574.0,10442.8,857.0,114,0.6
2024-06-06 12:08:09.328,-2469.0,2023.5,457.6666666666667,114,0.6
2024-06-06 12:08:09.536,2046.0,6580.0,594.4,114,0.6
2024-06-06 12:08:09.747,3505.4,3002.4,469.0,114,0.6
2024-06-06 12:08:10.000,-2340.4,6275.0,2132.4,114,0.6
2024-06-06 12:08:10.151,-2917.5,4463.333333333333,-1105.1666666666667,114,0.6
2024-06-06 12:08:10.348,2227.8,1893.0,262.2,114,0.6
2024-06-06 12:08:10.528,3469.0,6904.4,-617.8,114,0.6
2024-06-06 12:08:10.737,-1901.8333333333333,2124.3333333333335,632.6666666666666,114,0.6
2024-06-06 12:08:10.932,-1903.4,7324.2,-3238.4,114,0.6
2024-06-06 12:08:11.146,2853.6,276.8,409.2,114,0.6
2024-06-06 12:08:11.338,1235.1666666666667,8247.166666666666,226.33333333333334,114,0.6
2024-06-06 12:08:11.533,-2197.4,35.0,721.6,114,0.6
2024-06-06 12:08:11.726,558.0,8190.2,1645.6,114,0.6
2024-06-06 12:08:11.936,3267.0,448.4,1085.4,114,0.6
2024-06-06 12:08:12.132,-76.0,11896.666666666666,777.0,114,0.6
2024-06-06 12:08:12.133,-2108.0,1486.3333333333333,1277.0,114,0.6
2024-06-06 12:08:12.327,-3732.2,4187.0,722.6,114,0.6
2024-06-06 12:08:12.550,2374.0,4368.6,484.0,114,0.6
2024-06-06 12:08:12.735,3718.3333333333335,5886.833333333333,212.83333333333334,114,0.6
2024-06-06 12:08:12.926,-2638.6,2593.6,487.8,114,0.6
2024-06-06 12:08:13.171,-2349.4,7895.8,1100.0,114,0.6
2024-06-06 12:08:13.349,2893.0,364.0,532.6666666666666,114,0.6
2024-06-06 12:08:13.540,3271.8,9476.8,880.8,124,0.65
2024-06-06 12:08:13.804,-2021.0,1816.4,729.0,124,0.65
2024-06-06 12:08:13.931,-121.33333333333333,5985.0,2043.0,124,0.65
2024-06-06 12:08:14.125,3460.2,467.8,688.4,124,0.65
2024-06-06 12:08:14.338,96.6,8942.8,600.8,124,0.65
2024-06-06 12:08:14.531,-1308.2,1015.8,1181.8,124,0.65
2024-06-06 12:08:14.740,742.6666666666666,6457.0,1938.0,124,0.65
2024-06-06 12:08:14.936,4869.4,2610.0,140.6,124,0.65
2024-06-06 12:08:15.130,-2295.0,5975.4,1884.8,124,0.65
2024-06-06 12:08:15.403,-1906.3333333333333,6571.666666666667,664.6666666666666,124,0.65
2024-06-06 12:08:15.541,3412.4,837.6,507.6,124,0.65
2024-06-06 12:08:15.746,2798.6,8026.6,-110.4,124,0.65
2024-06-06 12:08:15.940,-1856.1666666666667,1326.5,1206.1666666666667,124,0.65
2024-06-06 12:08:16.139,-1311.2,9946.0,-297.0,124,0.65
2024-06-06 12:08:16.329,3281.4,-856.0,652.8,124,0.65
2024-06-06 12:08:16.543,897.1666666666666,7740.666666666667,944.8333333333334,124,0.65
2024-06-06 12:08:16.735,-2245.2,964.8,1471.4,124,0.65
2024-06-06 12:08:16.975,594.2,8783.0,-60.4,124,0.65
2024-06-06 12:08:17.155,3887.8,-1092.2,104.0,124,0.65
2024-06-06 12:08:17.433,-92.33333333333333,8476.666666666666,1017.0,124,0.65
2024-06-06 12:08:17.547,-3176.6,3529.0,111.8,125,0.65
2024-06-06 12:08:17.741,2005.0,5606.6,88.8,125,0.65
2024-06-06 12:08:18.010,3619.3333333333335,4746.833333333333,60.666666666666664,125,0.65
2024-06-06 12:08:18.146,-2231.0,3734.8,1407.2,125,0.65
2024-06-06 12:08:18.340,-3160.2,5808.0,-238.6,125,0.65
2024-06-06 12:08:18.534,2848.5,1765.5,258.3333333333333,125,0.65
2024-06-06 12:08:18.731,3085.4,8567.6,350.4,125,0.65
2024-06-06 12:08:18.987,-1921.8,1720.6,1044.4,125,0.65
2024-06-06 12:08:19.136,-1347.0,8408.0,-401.8,125,0.65
2024-06-06 12:08:19.331,2810.6666666666665,84.66666666666667,534.0,125,0.65
2024-06-06 12:08:19.524,1743.2,9059.4,904.8,125,0.65
2024-06-06 12:08:19.735,-1456.2,416.6,1993.6,125,0.65
2024-06-06 12:08:19.930,-803.8333333333334,7757.666666666667,253.33333333333334,125,0.65
2024-06-06 12:08:20.146,3999.2,-715.6,753.6,125,0.65
2024-06-06 12:08:20.334,24.2,9420.8,1285.4,125,0.65
2024-06-06 12:08:20.560,-2242.0,1096.2,610.2,125,0.65
2024-06-06 12:08:20.740,1601.6666666666667,6806.166666666667,486.8333333333333,125,0.65
2024-06-06 12:08:20.936,3971.4,2565.4,718.8,125,0.65
2024-06-06 12:08:21.191,-2173.6,6144.8,1130.2,125,0.65
2024-06-06 12:08:21.326,-2506.1666666666665,4983.833333333333,-2784.1666666666665,125,0.65
2024-06-06 12:08:21.535,2947.4,2224.0,-128.4,128,0.67
2024-06-06 12:08:21.732,3350.4,5459.0,-836.8,128,0.67
2024-06-06 12:08:21.940,-1982.0,3051.5,1220.1666666666667,128,0.67
2024-06-06 12:08:22.134,-1946.0,715.0,673.0,128,0.67
2024-06-06 12:08:22.135,-2561.75,10883.25,-2038.25,128,0.67
2024-06-06 12:08:22.347,2523.8,91.0,449.8,128,0.67
2024-06-06 12:08:22.542,1260.6666666666667,7944.166666666667,377.0,128,0.67
2024-06-06 12:08:22.736,-2220.8,-318.0,933.0,128,0.67
2024-06-06 12:08:23.011,266.2,9700.4,-1481.6,128,0.67
2024-06-06 12:08:23.142,2546.6,-784.0,362.8,128,0.67
2024-06-06 12:08:23.402,1428.5,8599.333333333334,1188.0,128,0.67
2024-06-06 12:08:23.534,-2471.8,1438.6,544.6,128,0.67
2024-06-06 12:08:23.727,1850.8,8378.2,181.6,128,0.67
2024-06-06 12:08:23.935,4591.833333333333,1240.1666666666667,380.5,128,0.67
2024-06-06 12:08:24.131,-1345.8,7560.4,2376.2,128,0.67
2024-06-06 12:08:24.325,-2016.8,2415.6,1112.0,128,0.67
2024-06-06 12:08:24.537,2499.8333333333335,4809.0,1944.3333333333333,128,0.67
2024-06-06 12:08:24.734,5256.75,2669.0,184.75,128,0.67
2024-06-06 12:08:24.735,2982.0,13878.0,1114.0,128,0.67
2024-06-06 12:08:25.022,-2102.6,4139.8,1216.4,128,0.67
2024-06-06 12:08:25.152,-2883.2,5822.8,236.4,128,0.67
2024-06-06 12:08:25.346,3123.8333333333335,2403.6666666666665,1.6666666666666667,128,0.67
2024-06-06 12:08:25.542,3156.0,7921.4,449.2,128,0.67
2024-06-06 12:08:25.742,-1932.0,1981.6,1485.4,128,0.67
2024-06-06 12:08:25.933,-2133.0,987.0,725.0,128,0.67
2024-06-06 12:08:25.934,-334.4,9342.2,-171.2,128,0.67
2024-06-06 12:08:26.142,3284.2,-1032.2,683.4,128,0.67
2024-06-06 12:08:26.339,1222.0,9311.2,1562.0,128,0.67
2024-06-06 12:08:26.531,-1891.5,428.1666666666667,1302.3333333333333,128,0.67
2024-06-06 12:08:26.743,-1296.2,8583.0,2039.2,128,0.67
2024-06-06 12:08:26.937,2997.8,-536.4,453.0,128,0.67
2024-06-06 12:08:27.131,-1012.0,7500.5,1785.8333333333333,131,0.68
2024-06-06 12:08:27.344,-2741.0,1587.0,1167.2,131,0.68
2024-06-06 12:08:27.538,3205.2,7534.4,1036.2,131,0.68
2024-06-06 12:08:27.731,3903.2,1051.2,257.8,131,0.68
2024-06-06 12:08:27.944,-1316.3333333333333,5871.666666666667,2242.1666666666665,131,0.68
2024-06-06 12:08:28.137,-2910.0,5603.8,1017.2,131,0.68
2024-06-06 12:08:28.362,2629.4,3279.8,411.8,131,0.68
2024-06-06 12:08:28.542,3048.3333333333335,6152.166666666667,683.0,131,0.68
2024-06-06 12:08:28.796,-2192.2,1798.8,855.0,131,0.68
2024-06-06 12:08:28.932,-3311.6,7257.4,222.0,131,0.68
2024-06-06 12:08:29.142,3225.3333333333335,1136.5,302.0,131,0.68
2024-06-06 12:08:29.340,-275.0,9507.4,64.8,131,0.68
2024-06-06 12:08:29.532,-1773.6,-697.4,583.8,131,0.68
2024-06-06 12:08:29.727,-2591.0,9089.8,-276.2,131,0.68
2024-06-06 12:08:29.951,3188.6666666666665,4.166666666666667,414.1666666666667,131,0.68
2024-06-06 12:08:30.132,-706.6,9255.2,541.4,131,0.68
2024-06-06 12:08:30.326,-1636.6,-190.2,581.2,131,0.68
2024-06-06 12:08:30.536,-329.0,7413.0,-392.3333333333333,131,0.68
2024-06-06 12:08:30.799,4547.8,770.8,-112.8,131,0.68
2024-06-06 12:08:30.956,-1180.6,8730.4,1263.6,131,0.68
2024-06-06 12:08:31.137,-3592.8,2561.4,232.8,131,0.68
2024-06-06 12:08:31.332,2973.6666666666665,4906.166666666667,241.66666666666666,131,0.68
2024-06-06 12:08:31.526,6337.4,4300.0,-2791.2,131,0.68
2024-06-06 12:08:31.736,-2386.6,6665.6,-1297.0,131,0.68
2024-06-06 12:08:31.930,-1612.3333333333333,6541.166666666667,-479.0,131,0.68
2024-06-06 12:08:32.127,3327.2,696.8,280.8,132,0.69
2024-06-06 12:08:32.333,4765.0,7993.8,158.4,132,0.69
2024-06-06 12:08:32.590,-2746.8333333333335,1872.5,1038.5,132,0.69
2024-06-06 12:08:32.723,-527.4,9423.2,-569.2,132,0.69
2024-06-06 12:08:32.938,3655.4,-922.6,764.2,132,0.69
2024-06-06 12:08:33.129,1736.1666666666667,8373.0,378.6666666666667,132,0.69
2024-06-06 12:08:33.339,-3292.8,1637.0,866.4,132,0.69
2024-06-06 12:08:33.552,1210.0,7995.0,-284.8,132,0.69
2024-06-06 12:08:33.745,4781.6,779.6,436.0,132,0.69
2024-06-06 12:08:33.940,-1321.6666666666667,7289.666666666667,1763.1666666666667,132,0.69
2024-06-06 12:08:34.133,-3558.2,4518.2,569.8,132,0.69
2024-06-06 12:08:34.389,2259.2,4609.6,19.4,132,0.69
2024-06-06 12:08:34.555,3705.5,5604.0,591.6666666666666,132,0.69
2024-06-06 12:08:34.741,-3602.6,3185.8,1045.0,132,0.69
2024-06-06 12:08:34.937,-2954.0,7874.0,-141.0,132,0.69
2024-06-06 12:08:35.145,3499.3333333333335,791.3333333333334,140.0,132,0.69
2024-06-06 12:08:35.382,605.4,9246.4,100.6,132,0.69
2024-06-06 12:08:35.532,-2207.6,550.4,784.8,132,0.69
2024-06-06 12:08:35.760,-811.8333333333334,7823.166666666667,-503.8333333333333,132,0.69
2024-06-06 12:08:35.955,2876.4,1617.6,-181.6,132,0.69
2024-06-06 12:08:36.149,-2617.0,7876.8,-117.2,132,0.69
2024-06-06 12:08:36.405,-2726.0,-130.0,614.2,132,0.69
2024-06-06 12:08:36.555,-583.6666666666666,7000.333333333333,-1.5,132,0.69
2024-06-06 12:08:36.748,5650.4,2341.2,-719.0,132,0.69
2024-06-06 12:08:36.957,-1563.6,9823.8,1043.2,132,0.69
2024-06-06 12:08:37.232,-3244.0,5910.666666666667,388.0,131,0.68
2024-06-06 12:08:37.332,4535.4,3573.0,-302.4,131,0.68
2024-06-06 12:08:37.547,4852.2,4752.4,824.6,131,0.68
2024-06-06 12:08:37.792,-2830.6666666666665,4336.833333333333,1318.8333333333333,131,0.68
2024-06-06 12:08:37.947,-3770.8,8218.8,-514.6,131,0.68
2024-06-06 12:08:38.188,4338.6,2078.6,79.8,131,0.68
2024-06-06 12:08:38.369,3276.0,7470.166666666667,702.1666666666666,131,0.68
2024-06-06 12:08:38.534,-3046.6,1731.0,1226.2,131,0.68
2024-06-06 12:08:38.743,-1247.2,9391.8,-631.0,131,0.68
2024-06-06 12:08:38.939,3376.4,-794.8,546.6,131,0.68
2024-06-06 12:08:39.131,1152.0,9250.0,-859.5,131,0.68
2024-06-06 12:08:39.328,-2369.6,715.0,1217.8,131,0.68
2024-06-06 12:08:39.554,-374.2,8595.6,-642.8,131,0.68
2024-06-06 12:08:39.733,4888.5,1891.1666666666667,-230.0,131,0.68
2024-06-06 12:08:40.009,-2044.6,7933.4,306.2,131,0.68
2024-06-06 12:08:40.153,-3857.6,2706.2,-299.0,131,0.68
2024-06-06 12:08:40.338,2040.0,6767.4,-56.0,131,0.68
2024-06-06 12:08:40.531,4845.833333333333,5271.666666666667,-556.6666666666666,131,0.68
2024-06-06 12:08:40.738,-3446.8,3667.8,1451.0,131,0.68
2024-06-06 12:08:41.001,-3048.6,7055.0,-88.2,131,0.68
2024-06-06 12:08:41.128,3346.3333333333335,1388.3333333333333,307.1666666666667,131,0.68
2024-06-06 12:08:41.375,2500.8,9025.4,205.0,131,0.68
2024-06-06 12:08:41.534,-2746.8,1260.8,1587.0,131,0.68
2024-06-06 12:08:41.747,-2360.6666666666665,7112.833333333333,-771.0,131,0.68
2024-06-06 12:08:41.936,4344.0,-569.8,379.2,131,0.68
2024-06-06 12:08:42.135,392.4,10810.0,533.0,131,0.68
2024-06-06 12:08:42.345,-1945.4,305.8,1079.8,131,0.68
2024-06-06 12:08:42.545,167.16666666666666,7347.0,-584.0,133,0.7
2024-06-06 12:08:42.736,5889.6,1387.6,-95.6,133,0.7
2024-06-06 12:08:42.931,-954.8,9285.0,2326.4,133,0.7
2024-06-06 12:08:43.139,-2763.5,5256.833333333333,702.6666666666666,133,0.7
2024-06-06 12:08:43.334,2554.4,2422.6,102.4,133,0.7
2024-06-06 12:08:43.529,5184.4,6943.2,-127.6,133,0.7
2024-06-06 12:08:43.753,-4205.5,8167.0,1498.5,133,0.7
2024-06-06 12:08:43.754,-2400.25,-328.0,1207.5,133,0.7
2024-06-06 12:08:43.964,-1433.6,8987.6,-780.0,133,0.7
2024-06-06 12:08:44.128,3450.8,-599.4,677.2,133,0.7
2024-06-06 12:08:44.355,2773.5,8697.0,698.5,133,0.7
2024-06-06 12:08:44.549,-2659.4,581.0,1446.0,133,0.7
2024-06-06 12:08:44.746,1586.0,10071.4,200.6,133,0.7
2024-06-06 12:08:44.954,3734.6,-1680.8,259.0,133,0.7
2024-06-06 12:08:45.130,1051.3333333333333,8530.666666666666,2886.8333333333335,133,0.7
2024-06-06 12:08:45.345,-3639.2,2501.6,1152.0,133,0.7
2024-06-06 12:08:45.539,2454.4,6539.4,1045.8,133,0.7
2024-06-06 12:08:45.733,3346.0,-3003.0,1076.0,133,0.7
2024-06-06 12:08:45.734,5838.8,5643.2,920.4,133,0.7
2024-06-06 12:08:45.975,-2041.6,4192.6,2682.6,133,0.7
2024-06-06 12:08:46.206,-3324.8,5792.8,1551.2,133,0.7
2024-06-06 12:08:46.349,3053.3333333333335,1791.0,555.0,133,0.7
2024-06-06 12:08:46.564,3729.4,9244.8,753.4,133,0.7
2024-06-06 12:08:46.757,-2296.4,1361.8,1992.4,133,0.7
2024-06-06 12:08:46.933,-2241.5,7380.166666666667,127.66666666666667,133,0.7
2024-06-06 12:08:47.209,4164.0,-1112.2,221.8,135,0.71
2024-06-06 12:08:47.352,5979.4,10210.0,1645.8,135,0.71
2024-06-06 12:08:47.565,-2414.2,2095.6,1814.0,135,0.71
2024-06-06 12:08:47.744,712.1666666666666,7953.0,-6.5,135,0.71
2024-06-06 12:08:47.939,5113.4,-771.4,34.0,135,0.71
2024-06-06 12:08:48.228,-444.0,10686.0,1751.0,135,0.71
2024-06-06 12:08:48.347,-3414.8333333333335,4502.666666666667,471.8333333333333,135,0.71
2024-06-06 12:08:48.538,2187.4,4778.6,689.6,135,0.71
2024-06-06 12:08:48.732,4219.0,5255.4,1070.4,135,0.71
2024-06-06 12:08:48.990,-3548.0,4596.8,506.8,135,0.71
2024-06-06 12:08:49.190,-4097.333333333333,4582.166666666667,-240.66666666666666,135,0.71
2024-06-06 12:08:49.378,3015.2,2579.6,-22.2,135,0.71
2024-06-06 12:08:49.590,3285.6,7228.6,810.6,135,0.71
2024-06-06 12:08:49.738,-2607.6666666666665,2364.8333333333335,1288.8333333333333,135,0.71
2024-06-06 12:08:49.933,-2578.0,8501.2,-212.0,135,0.71
2024-06-06 12:08:50.128,3525.4,22.2,449.6,135,0.71
2024-06-06 12:08:50.365,436.0,8549.5,409.0,135,0.71
2024-06-06 12:08:50.574,-2502.2,-262.0,473.2,135,0.71
2024-06-06 12:08:50.724,-727.4,9065.4,-360.0,135,0.71
2024-06-06 12:08:50.937,4321.4,745.0,39.4,135,0.71
2024-06-06 12:08:51.132,-935.6666666666666,6732.833333333333,3296.6666666666665,135,0.71
2024-06-06 12:08:51.326,-3951.4,4854.0,1443.6,135,0.71
2024-06-06 12:08:51.589,2862.8,4220.0,872.2,137,0.72
2024-06-06 12:08:51.733,3937.0,6578.5,361.6666666666667,137,0.72
2024-06-06 12:08:52.012,-2729.4,2233.8,1475.2,137,0.72
2024-06-06 12:08:52.151,-2437.8,8131.2,1004.2,137,0.72
2024-06-06 12:08:52.396,3779.1666666666665,241.16666666666666,572.8333333333334,137,0.72
2024-06-06 12:08:52.590,2784.6,10119.8,1190.4,137,0.72
2024-06-06 12:08:52.738,-2331.0,1257.4,1266.6,137,0.72
2024-06-06 12:08:52.947,-634.2,9210.6,1013.6,137,0.72
2024-06-06 12:08:53.144,4780.333333333333,490.5,335.6666666666667,137,0.72
2024-06-06 12:08:53.334,-966.0,9897.0,722.0,137,0.72
2024-06-06 12:08:53.548,-3301.6,1433.6,862.6,137,0.72
2024-06-06 12:08:53.740,1786.8333333333333,6504.333333333333,-373.1666666666667,137,0.72
2024-06-06 12:08:53.938,5241.8,5601.2,644.0,137,0.72
2024-06-06 12:08:54.133,-2497.2,4858.0,1594.2,137,0.72
2024-06-06 12:08:54.385,-2851.0,6557.5,799.0,137,0.72
2024-06-06 12:08:54.538,3753.6,890.0,266.4,137,0.72
2024-06-06 12:08:54.733,2962.4,8459.8,257.6,137,0.72
2024-06-06 12:08:54.959,-2255.1666666666665,1648.1666666666667,1222.6666666666667,137,0.72
2024-06-06 12:08:55.151,-1100.4,9362.2,-72.6,137,0.72
2024-06-06 12:08:55.335,3857.8,-500.4,52.8,137,0.72
2024-06-06 12:08:55.592,-550.8,10340.6,395.0,137,0.72
2024-06-06 12:08:55.799,-3162.6666666666665,120.0,191.5,137,0.72
2024-06-06 12:08:55.949,663.4,9145.8,-640.2,137,0.72
2024-06-06 12:08:56.227,5161.6,1063.8,44.8,137,0.72
2024-06-06 12:08:56.354,-1406.0,6897.5,661.8333333333334,137,0.72
2024-06-06 12:08:56.543,-3758.4,4806.2,1159.6,137,0.72
2024-06-06 12:08:56.741,2786.2,4215.6,253.4,137,0.72
2024-06-06 12:08:56.952,3364.6666666666665,6450.333333333333,-597.1666666666666,137,0.72
2024-06-06 12:08:57.217,-2520.6,1832.2,963.0,137,0.72
2024-06-06 12:08:57.340,-3349.4,7743.6,-720.4,137,0.72
2024-06-06 12:08:57.539,3423.3333333333335,1096.1666666666667,249.0,137,0.72
2024-06-06 12:08:57.790,1396.2,9897.0,-423.4,137,0.72
2024-06-06 12:08:57.949,-2257.4,534.4,912.4,137,0.72
2024-06-06 12:08:58.221,-1544.4,8952.2,211.2,136,0.71
2024-06-06 12:08:58.330,4115.5,-145.0,266.3333333333333,136,0.71
2024-06-06 12:08:58.540,-149.4,10392.2,524.6,136,0.71
2024-06-06 12:08:58.754,-2076.4,-23.4,1235.4,136,0.71
2024-06-06 12:08:58.936,631.8333333333334,7268.0,-1315.6666666666667,136,0.71
2024-06-06 12:08:59.144,1147.8,3382.4,-1411.0,136,0.71
2024-06-06 12:08:59.357,-2122.8,5194.4,-261.4,136,0.71
2024-06-06 12:08:59.599,-3473.0,3795.0,-1838.8333333333333,136,0.71
2024-06-06 12:08:59.743,1748.4,2676.6,-163.8,136,0.71
2024-06-06 12:08:59.984,-37.8,7034.2,-2023.4,136,0.71
2024-06-06 12:09:00.148,-2514.6,734.0,279.2,136,0.71
2024-06-06 12:09:00.333,-2900.3333333333335,6704.5,-2531.3333333333335,136,0.71
2024-06-06 12:09:00.537,2799.0,1330.0,339.0,136,0.71
2024-06-06 12:09:00.730,-2719.6,7813.2,-2341.2,136,0.71
2024-06-06 12:09:01.027,-2311.0,-990.1666666666666,480.0,136,0.71
2024-06-06 12:09:01.138,-1317.6,9623.2,-4229.0,136,0.71
2024-06-06 12:09:01.334,2905.2,326.4,281.6,136,0.71
2024-06-06 12:09:01.540,-1560.4,9043.4,-900.2,136,0.71
2024-06-06 12:09:01.738,-3404.6666666666665,1682.3333333333333,-928.1666666666666,136,0.71
2024-06-06 12:09:01.978,853.6,5910.2,-1709.8,136,0.71
2024-06-06 12:09:02.127,3322.6,3107.2,-344.4,136,0.71
2024-06-06 12:09:02.339,-2788.8333333333335,5200.5,1048.5,136,0.71
2024-06-06 12:09:02.531,-3873.0,5774.8,-163.0,136,0.71
2024-06-06 12:09:02.745,2945.8,2750.8,462.0,136,0.71
2024-06-06 12:09:02.939,2181.8333333333335,7414.166666666667,55.0,136,0.71
2024-06-06 12:09:03.146,-1944.2,830.4,885.6,136,0.71
2024-06-06 12:09:03.429,-2936.6,7008.8,-746.8,136,0.71
2024-06-06 12:09:03.538,2488.3333333333335,1256.6666666666667,225.5,136,0.71
2024-06-06 12:09:03.737,-538.6,8732.8,-289.2,136,0.71
2024-06-06 12:09:03.929,-2365.8,158.8,432.8,136,0.71
2024-06-06 12:09:04.142,-2512.6,7788.2,-1847.4,136,0.71
2024-06-06 12:09:04.348,3096.5,1619.8333333333333,-172.16666666666666,136,0.71
2024-06-06 12:09:04.545,-1695.2,8360.2,-12.8,136,0.71
2024-06-06 12:09:04.736,-2206.2,-738.2,345.6,136,0.71
2024-06-06 12:09:04.935,-544.3333333333334,7910.5,-1442.3333333333333,136,0.71
2024-06-06 12:09:05.144,2984.2,2315.6,-1982.6,136,0.71
2024-06-06 12:09:05.338,-2828.4,6868.4,-846.4,136,0.71
2024-06-06 12:09:05.545,-3574.0,2560.0,-1166.5,136,0.71
2024-06-06 12:09:05.746,1029.2,4571.6,-2147.8,136,0.71
2024-06-06 12:09:05.939,2894.2,4703.4,-1101.6,136,0.71
2024-06-06 12:09:06.135,-2891.5,3733.6666666666665,-314.1666666666667,136,0.71
2024-06-06 12:09:06.344,-3860.8,5395.4,-1588.2,136,0.71
2024-06-06 12:09:06.540,3141.8,3456.6,-290.4,137,0.72
2024-06-06 12:09:06.732,2300.4,6505.4,-721.4,137,0.72
2024-06-06 12:09:06.945,-1777.0,1988.1666666666667,728.5,137,0.72
2024-06-06 12:09:07.223,3.4,7764.4,492.6,137,0.72
2024-06-06 12:09:07.335,1980.2,1031.8,-713.0,137,0.72
2024-06-06 12:09:07.556,863.3333333333334,7226.666666666667,593.5,137,0.72
2024-06-06 12:09:07.757,-2547.0,-46.0,597.4,137,0.72
2024-06-06 12:09:07.998,-4776.5,7007.0,-369.5,137,0.72
2024-06-06 12:09:07.999,-526.0,8969.666666666666,-616.3333333333334,137,0.72
2024-06-06 12:09:08.158,2916.0,1535.5,-9.0,137,0.72
2024-06-06 12:09:08.353,-2043.4,8169.6,-1827.6,137,0.72
2024-06-06 12:09:08.549,-2251.4,354.8,454.8,137,0.72
2024-06-06 12:09:08.744,-7762.0,5882.0,-2144.0,137,0.72
2024-06-06 12:09:08.745,-113.25,7991.0,-1773.25,137,0.72
2024-06-06 12:09:08.939,2012.6666666666667,2042.8333333333333,-57.333333333333336,137,0.72
2024-06-06 12:09:09.144,-2440.6,6002.8,305.8,137,0.72
2024-06-06 12:09:09.339,-2106.2,2716.0,-599.0,137,0.72
2024-06-06 12:09:09.582,-943.8333333333334,5028.5,-2082.0,137,0.72
2024-06-06 12:09:09.730,609.8,3224.6,-406.4,137,0.72
2024-06-06 12:09:09.928,-1733.6,4804.6,-1160.2,137,0.72
2024-06-06 12:09:10.136,-2058.6666666666665,2559.8333333333335,-1601.5,137,0.72
2024-06-06 12:09:10.331,404.4,5160.8,-852.6,137,0.72
2024-06-06 12:09:10.525,2183.0,3073.4,420.4,137,0.72
2024-06-06 12:09:10.734,86.8,6888.8,782.6,137,0.72
2024-06-06 12:09:11.006,-2575.3333333333335,3060.5,-48.333333333333336,137,0.72
2024-06-06 12:09:11.169,1931.0,4644.4,-221.0,137,0.72
2024-06-06 12:09:11.334,6283.8,24.6,127.8,137,0.72
2024-06-06 12:09:11.544,5328.666666666667,4190.5,1402.1666666666667,137,0.72
2024-06-06 12:09:11.739,2079.8,2973.0,1836.6,137,0.72
2024-06-06 12:09:11.934,9055.4,5768.6,-1975.0,137,0.72
2024-06-06 12:09:12.130,4127.0,-1069.6666666666667,-556.3333333333334,137,0.72
2024-06-06 12:09:12.131,2964.6666666666665,-3328.6666666666665,90.66666666666667,137,0.72
2024-06-06 12:09:12.324,8121.8,4816.6,924.4,137,0.72
2024-06-06 12:09:12.538,4.4,4421.0,1552.4,137,0.72
2024-06-06 12:09:12.734,1419.6,8462.6,-210.8,137,0.72
2024-06-06 12:09:12.942,3505.1666666666665,1601.5,-152.5,137,0.72
2024-06-06 12:09:13.137,3876.0,7210.0,1259.6,137,0.72
2024-06-06 12:09:13.346,-1153.8,2280.8,1244.0,137,0.72
2024-06-06 12:09:13.541,-2073.8333333333335,7384.833333333333,-474.8333333333333,137,0.72
2024-06-06 12:09:13.736,3333.4,360.8,956.2,137,0.72
2024-06-06 12:09:13.930,1982.2,8727.4,-359.4,137,0.72
2024-06-06 12:09:14.140,-1992.3333333333333,1135.8333333333333,1046.5,137,0.72
2024-06-06 12:09:14.336,-2281.2,8929.2,-724.8,137,0.72
2024-06-06 12:09:14.531,3501.6,42.6,599.2,137,0.72
2024-06-06 12:09:14.742,3887.3333333333335,9047.0,-1647.5,137,0.72
2024-06-06 12:09:14.938,-1769.2,1324.0,1043.4,137,0.72
2024-06-06 12:09:15.130,1159.6,9505.8,-2578.8,137,0.72
2024-06-06 12:09:15.342,3771.8,-1155.6,687.4,137,0.72
2024-06-06 12:09:15.553,1201.5,9506.666666666666,-2226.5,137,0.72
2024-06-06 12:09:15.748,-4145.0,2155.2,315.6,137,0.72
2024-06-06 12:09:15.944,2155.4,7649.4,-950.4,137,0.72
2024-06-06 12:09:16.181,4394.833333333333,3695.3333333333335,-589.3333333333334,137,0.72
2024-06-06 12:09:16.348,-3039.4,6085.0,948.2,137,0.72
2024-06-06 12:09:16.542,-4017.8,5659.6,444.4,137,0.72
2024-06-06 12:09:16.736,2750.3333333333335,2799.8333333333335,250.5,137,0.72
2024-06-06 12:09:16.931,4147.4,7652.6,48.2,137,0.72
2024-06-06 12:09:17.142,-1339.6,3306.6,2182.2,140,0.73
2024-06-06 12:09:17.336,-2323.6666666666665,6987.166666666667,459.1666666666667,140,0.73
2024-06-06 12:09:17.550,3003.0,162.0,669.6,140,0.73
2024-06-06 12:09:17.742,2615.4,9576.4,-227.6,140,0.73
2024-06-06 12:09:17.938,-2071.8,966.4,1402.2,140,0.73
2024-06-06 12:09:18.133,-1519.5,7892.333333333333,-69.66666666666667,140,0.73
2024-06-06 12:09:18.339,4194.2,-529.0,246.6,140,0.73
2024-06-06 12:09:18.534,938.8,10196.0,211.2,140,0.73
2024-06-06 12:09:18.730,-2948.3333333333335,1977.5,886.6666666666666,140,0.73
2024-06-06 12:09:19.000,1018.6,8401.0,980.6,140,0.73
2024-06-06 12:09:19.137,4663.4,1274.6,-226.2,140,0.73
2024-06-06 12:09:19.329,-959.0,9151.4,1199.6,140,0.73
2024-06-06 12:09:19.539,-3247.8333333333335,2910.0,527.3333333333334,140,0.73
2024-06-06 12:09:19.781,1526.8,5310.8,293.8,140,0.73
2024-06-06 12:09:19.933,4793.4,4213.6,-872.2,140,0.73
2024-06-06 12:09:20.127,-1837.3333333333333,4855.333333333333,730.8333333333334,140,0.73
2024-06-06 12:09:20.338,-4310.2,7284.2,-342.2,140,0.73
2024-06-06 12:09:20.545,2911.0,1923.2,211.0,140,0.73
2024-06-06 12:09:20.740,2825.5,7320.5,391.3333333333333,140,0.73
2024-06-06 12:09:20.937,-1794.6,1363.0,979.6,140,0.73
2024-06-06 12:09:21.147,-2544.0,8189.4,381.6,140,0.73
2024-06-06 12:09:21.341,2777.0,408.4,152.4,140,0.73
2024-06-06 12:09:21.539,1168.0,7973.666666666667,725.3333333333334,146,0.76
2024-06-06 12:09:21.733,-2480.0,871.6,1296.0,146,0.76
2024-06-06 12:09:21.925,-1876.2,9022.6,-10.0,146,0.76
2024-06-06 12:09:22.136,4888.333333333333,960.8333333333334,-110.5,146,0.76
2024-06-06 12:09:22.331,-671.8,9272.8,1196.4,146,0.76
2024-06-06 12:09:22.607,-3372.2,2068.6,1770.2,146,0.76
2024-06-06 12:09:22.738,1373.1666666666667,5960.5,662.5,146,0.76
2024-06-06 12:09:22.935,4762.6,4378.0,1043.8,146,0.76
2024-06-06 12:09:23.125,-1590.0,5292.2,3358.6,146,0.76
2024-06-06 12:09:23.369,-4072.2,4780.8,-781.6,146,0.76
2024-06-06 12:09:23.627,2381.1666666666665,3088.8333333333335,891.5,146,0.76
2024-06-06 12:09:23.742,3901.4,7030.2,804.6,146,0.76
2024-06-06 12:09:23.950,-2531.0,2639.0,1137.6,146,0.76
2024-06-06 12:09:24.130,-1788.1666666666667,7702.666666666667,1549.1666666666667,146,0.76
2024-06-06 12:09:24.342,3219.6,-386.4,478.8,146,0.76
2024-06-06 12:09:24.619,2408.4,9587.6,1762.6,146,0.76
2024-06-06 12:09:24.730,-3165.6666666666665,1916.3333333333333,926.6666666666666,146,0.76
2024-06-06 12:09:24.943,922.6,8542.2,1032.4,146,0.76
2024-06-06 12:09:25.138,4420.6,434.8,771.8,146,0.76
2024-06-06 12:09:25.333,-243.0,7250.666666666667,2843.1666666666665,146,0.76
2024-06-06 12:09:25.610,-3865.2,3839.0,1110.8,146,0.76
2024-06-06 12:09:25.741,2126.6,5344.8,402.8,146,0.76
2024-06-06 12:09:25.932,5153.6,4770.2,-1121.0,146,0.76
2024-06-06 12:09:26.156,-2825.5,4778.166666666667,164.83333333333334,146,0.76
2024-06-06 12:09:26.341,-4457.8,6983.8,1238.0,146,0.76
2024-06-06 12:09:26.617,3062.8,2032.2,384.8,146,0.76
2024-06-06 12:09:26.757,1793.1666666666667,7641.666666666667,1471.5,146,0.76
2024-06-06 12:09:26.955,-2107.8,105.0,644.2,146,0.76
2024-06-06 12:09:27.163,-2994.2,8344.8,-218.8,146,0.76
2024-06-06 12:09:27.344,3816.8333333333335,285.8333333333333,334.3333333333333,146,0.76
2024-06-06 12:09:27.601,1710.6,11034.0,571.4,146,0.76
2024-06-06 12:09:27.731,-2400.4,270.6,902.6,146,0.76
2024-06-06 12:09:27.941,-347.1666666666667,7320.5,-1394.5,146,0.76
2024-06-06 12:09:28.139,5352.4,2200.0,-661.8,146,0.76
2024-06-06 12:09:28.348,-806.4,8215.0,446.6,146,0.76
2024-06-06 12:09:28.541,-3401.8,2443.2,492.6,146,0.76
2024-06-06 12:09:28.740,2325.0,6270.333333333333,-1397.6666666666667,146,0.76
2024-06-06 12:09:28.947,4321.4,4886.0,-547.4,146,0.76
2024-06-06 12:09:29.143,-2688.8,4360.2,772.8,146,0.76
2024-06-06 12:09:29.338,-2721.0,6470.833333333333,-35.666666666666664,146,0.76
2024-06-06 12:09:29.533,3775.6,465.4,371.8,146,0.76
2024-06-06 12:09:29.728,4630.0,8846.4,1127.4,146,0.76
2024-06-06 12:09:30.004,-2829.8,1888.4,1788.0,146,0.76
2024-06-06 12:09:30.132,-188.66666666666666,7549.5,1566.3333333333333,146,0.76
2024-06-06 12:09:30.327,3519.0,-788.0,169.2,146,0.76
2024-06-06 12:09:30.553,1103.0,9969.0,2161.4,146,0.76
2024-06-06 12:09:30.830,-3764.1666666666665,2000.0,782.0,146,0.76
2024-06-06 12:09:30.927,841.6,7711.8,757.8,146,0.76
2024-06-06 12:09:31.138,5030.8,1586.8,-293.4,146,0.76
2024-06-06 12:09:31.348,-514.5,7999.666666666667,1519.3333333333333,146,0.76
2024-06-06 12:09:31.542,-4124.4,5227.6,223.2,146,0.76
2024-06-06 12:09:31.740,2073.4,3771.0,-302.0,146,0.76
2024-06-06 12:09:31.948,3830.0,4692.0,992.8,146,0.76
2024-06-06 12:09:32.128,-1649.5,4035.6666666666665,1369.0,146,0.76
2024-06-06 12:09:32.382,-5235.6,5911.6,921.0,146,0.76
2024-06-06 12:09:32.537,3062.0,1873.2,-149.0,146,0.76
2024-06-06 12:09:32.791,2479.3333333333335,8519.833333333334,1152.8333333333333,146,0.76
2024-06-06 12:09:32.951,-2679.8,228.0,729.0,146,0.76
2024-06-06 12:09:33.132,-1903.2,8991.4,-303.6,146,0.76
2024-06-06 12:09:33.407,4403.5,815.0,577.1666666666666,146,0.76
2024-06-06 12:09:33.551,-1091.8,9488.8,626.6,146,0.76
2024-06-06 12:09:33.744,-3347.4,348.0,1591.2,146,0.76
2024-06-06 12:09:33.959,-1198.1666666666667,9635.666666666666,1075.1666666666667,146,0.76
2024-06-06 12:09:34.139,-1332.4,1350.0,1672.2,146,0.76
2024-06-06 12:09:34.333,-4114.8,1233.2,3033.6,146,0.76
2024-06-06 12:09:34.544,-2870.6,-1266.2,1133.0,146,0.76
2024-06-06 12:09:34.725,-2538.5,1287.5,1515.0,146,0.76
2024-06-06 12:09:34.948,-249.8,8478.8,1160.6,146,0.76
2024-06-06 12:09:35.140,-2962.2,2051.2,751.2,146,0.76
2024-06-06 12:09:35.337,-3270.1666666666665,7105.333333333333,249.5,146,0.76
2024-06-06 12:09:35.563,3807.0,-83.6,111.6,146,0.76
2024-06-06 12:09:35.757,365.0,9292.6,1803.6,146,0.76
2024-06-06 12:09:35.948,-2602.6666666666665,73.0,564.3333333333334,146,0.76
2024-06-06 12:09:36.198,-1939.4,9398.0,426.6,146,0.76
2024-06-06 12:09:36.338,3548.4,-262.0,383.0,146,0.76
2024-06-06 12:09:36.539,-265.5,8180.5,952.5,146,0.76
2024-06-06 12:09:36.748,-3495.4,1457.6,-528.2,146,0.76
2024-06-06 12:09:36.942,1104.8,7821.2,726.2,146,0.76
2024-06-06 12:09:37.220,3695.0,1183.8,444.4,148,0.77
2024-06-06 12:09:37.345,-824.1666666666666,6865.666666666667,442.0,148,0.77
2024-06-06 12:09:37.544,-5322.0,5466.4,-1843.4,148,0.77
2024-06-06 12:09:37.741,3316.6,4926.0,522.6,148,0.77
2024-06-06 12:09:37.931,3282.3333333333335,6633.5,-193.83333333333334,148,0.77
2024-06-06 12:09:38.209,-2661.2,1927.2,1024.0,148,0.77
2024-06-06 12:09:38.474,-4213.4,6005.4,-1413.6,148,0.77
2024-06-06 12:09:38.547,3721.3333333333335,1977.1666666666667,-173.33333333333334,148,0.77
2024-06-06 12:09:38.757,526.2,9381.4,751.6,148,0.77
2024-06-06 12:09:38.940,-2465.6,-527.2,986.2,148,0.77
2024-06-06 12:09:39.196,-3822.0,7275.2,-12.0,148,0.77
2024-06-06 12:09:39.343,3596.5,460.5,2.0,148,0.77
2024-06-06 12:09:39.538,171.6,10451.2,1890.8,148,0.77
2024-06-06 12:09:39.748,-3248.8,145.6,785.2,148,0.77
2024-06-06 12:09:39.942,328.0,7057.833333333333,185.5,148,0.77
2024-06-06 12:09:40.203,5747.6,2250.4,-320.2,148,0.77
2024-06-06 12:09:40.346,422.8,7636.2,2324.6,148,0.77
2024-06-06 12:09:40.543,-3649.8,3802.6,967.2,148,0.77
2024-06-06 12:09:40.738,2532.3333333333335,4671.0,-194.0,148,0.77
2024-06-06 12:09:40.933,2385.4,5832.6,41.2,148,0.77
2024-06-06 12:09:41.144,-2329.0,3629.6,388.8,148,0.77
2024-06-06 12:09:41.338,-1448.5,7170.166666666667,-41.166666666666664,148,0.77
2024-06-06 12:09:41.531,3610.0,-207.0,-193.4,148,0.77
2024-06-06 12:09:41.727,3923.2,8796.2,1725.0,148,0.77
2024-06-06 12:09:41.950,-3068.8333333333335,1779.0,1140.1666666666667,148,0.77
2024-06-06 12:09:42.214,1703.6,9620.8,755.8,148,0.77
2024-06-06 12:09:42.340,3511.8,-1497.4,-38.4,148,0.77
2024-06-06 12:09:42.559,1754.6,10167.0,2728.4,148,0.77
2024-06-06 12:09:42.748,-3581.8333333333335,2069.1666666666665,412.1666666666667,148,0.77
2024-06-06 12:09:43.023,-272.6,6166.0,-531.2,152,0.8
2024-06-06 12:09:43.151,4569.0,2241.6,815.0,152,0.8
2024-06-06 12:09:43.333,-2037.6666666666667,5911.166666666667,587.6666666666666,152,0.8
2024-06-06 12:09:43.530,-4420.2,5710.8,-74.8,152,0.8
2024-06-06 12:09:43.774,3637.6,3055.8,427.2,152,0.8
2024-06-06 12:09:43.990,1499.6666666666667,7552.833333333333,165.66666666666666,152,0.8
2024-06-06 12:09:44.147,-2933.4,658.0,1302.8,152,0.8
2024-06-06 12:09:44.339,-3277.8,7743.8,-1880.2,152,0.8
2024-06-06 12:09:44.534,3568.1666666666665,757.1666666666666,-65.0,152,0.8
2024-06-06 12:09:44.740,669.2,9934.4,963.4,152,0.8
2024-06-06 12:09:45.021,-3205.0,-223.6,633.4,152,0.8
2024-06-06 12:09:45.131,-1242.4,9291.8,1229.4,152,0.8
2024-06-06 12:09:45.343,3580.1666666666665,72.33333333333333,145.83333333333334,152,0.8
2024-06-06 12:09:45.537,-297.8,9365.8,2751.8,152,0.8
2024-06-06 12:09:45.732,-2768.4,114.8,1254.4,152,0.8
2024-06-06 12:09:46.053,662.8333333333334,7536.0,-175.83333333333334,152,0.8
2024-06-06 12:09:46.154,5771.2,3980.8,-113.8,152,0.8
2024-06-06 12:09:46.347,-1089.6,6125.2,2364.2,152,0.8
2024-06-06 12:09:46.544,-3770.8333333333335,5402.333333333333,519.8333333333334,152,0.8
2024-06-06 12:09:46.817,3526.0,2693.4,647.0,152,0.8
2024-06-06 12:09:46.948,3724.0,7292.6,694.8,152,0.8
2024-06-06 12:09:47.144,-3418.5,2044.0,753.8333333333334,152,0.8
2024-06-06 12:09:47.353,-2071.6,9223.0,227.4,152,0.8
2024-06-06 12:09:47.547,3403.0,271.8,-5.6,152,0.8
2024-06-06 12:09:47.744,2099.6,10562.8,330.2,152,0.8
2024-06-06 12:09:47.935,-2942.6666666666665,430.0,727.3333333333334,152,0.8
2024-06-06 12:09:48.133,-1329.0,9041.4,-826.8,152,0.8
2024-06-06 12:09:48.342,4592.8,-558.4,-100.2,152,0.8
2024-06-06 12:09:48.633,-330.6666666666667,9946.333333333334,207.83333333333334,152,0.8
2024-06-06 12:09:48.765,-4326.2,800.0,-649.2,152,0.8
2024-06-06 12:09:48.959,509.2,6811.6,-2029.6,152,0.8
2024-06-06 12:09:49.136,4219.166666666667,5052.833333333333,172.83333333333334,152,0.8
2024-06-06 12:09:49.384,-2915.0,4183.2,998.0,152,0.8
2024-06-06 12:09:49.586,-3934.2,7095.8,557.6,152,0.8
2024-06-06 12:09:49.739,2843.6,1994.8,1049.2,152,0.8
2024-06-06 12:09:49.932,2302.0,7760.0,-567.1666666666666,152,0.8
2024-06-06 12:09:50.147,-2123.4,925.2,831.8,152,0.8
2024-06-06 12:09:50.410,-4132.8,7526.0,22.0,152,0.8
2024-06-06 12:09:50.532,3747.3333333333335,625.8333333333334,98.83333333333333,152,0.8
2024-06-06 12:09:50.725,1069.4,10904.4,1874.4,152,0.8
2024-06-06 12:09:50.938,-2747.6,-251.2,810.6,152,0.8
2024-06-06 12:09:51.136,-1229.6,9804.6,-74.0,152,0.8
2024-06-06 12:09:51.386,3654.6666666666665,1118.5,995.5,152,0.8
2024-06-06 12:09:51.536,-1669.8,7550.4,1584.2,155,0.81
2024-06-06 12:09:51.732,-4638.0,-960.2,1210.8,155,0.81
2024-06-06 12:09:51.924,1197.3333333333333,7488.833333333333,-337.3333333333333,155,0.81
2024-06-06 12:09:52.202,4217.6,6144.6,951.2,155,0.81
2024-06-06 12:09:52.332,-2067.0,4335.0,1301.4,155,0.81
2024-06-06 12:09:52.556,-3919.0,6257.166666666667,337.1666666666667,155,0.81
2024-06-06 12:09:52.750,3875.8,1338.0,282.0,155,0.81
2024-06-06 12:09:52.946,2294.6,9169.8,-441.8,155,0.81
2024-06-06 12:09:53.164,-2916.0,812.8333333333334,1119.8333333333333,155,0.81
2024-06-06 12:09:53.432,-2378.4,9512.4,-1012.2,155,0.81
2024-06-06 12:09:53.549,3612.4,-241.6,265.0,155,0.81
2024-06-06 12:09:53.741,293.0,10242.8,68.6,155,0.81
2024-06-06 12:09:54.048,-2710.5,-706.0,985.5,155,0.81
2024-06-06 12:09:54.148,140.4,9389.4,-2424.0,155,0.81
2024-06-06 12:09:54.340,3330.8,-164.0,25.6,155,0.81
2024-06-06 12:09:54.650,-1000.0,8221.833333333334,-418.1666666666667,155,0.81
2024-06-06 12:09:54.733,-4187.2,1955.8,-799.0,155,0.81
2024-06-06 12:09:54.943,1381.2,7462.2,-1716.8,155,0.81
2024-06-06 12:09:55.138,4024.1666666666665,5581.5,-505.1666666666667,155,0.81
2024-06-06 12:09:55.348,-2218.4,3658.6,1227.6,155,0.81
2024-06-06 12:09:55.544,-4483.8,4706.2,-1086.2,155,0.81
2024-06-06 12:09:55.739,3247.5,3521.5,-94.83333333333333,155,0.81
2024-06-06 12:09:55.964,7012.2,8260.0,-1764.2,155,0.81
2024-06-06 12:09:56.143,-2682.4,2701.8,1668.8,155,0.81
2024-06-06 12:09:56.355,-1835.0,8818.2,-609.0,155,0.81
2024-06-06 12:09:56.626,4239.333333333333,1021.8333333333334,573.8333333333334,155,0.81
2024-06-06 12:09:56.757,2906.8,9717.0,877.0,155,0.81
2024-06-06 12:09:56.942,-1723.4,592.2,869.6,155,0.81
2024-06-06 12:09:57.197,-2043.3333333333333,7741.833333333333,-863.0,155,0.81
2024-06-06 12:09:57.349,3945.0,156.4,-508.4,155,0.81
2024-06-06 12:09:57.540,444.8,9370.0,1324.0,157,0.82
2024-06-06 12:09:57.748,-3085.8333333333335,951.1666666666666,332.0,157,0.82
2024-06-06 12:09:57.943,-695.6,8085.4,-941.8,157,0.82
2024-06-06 12:09:58.138,3667.4,267.0,156.8,157,0.82
2024-06-06 12:09:58.394,22.6,10059.4,500.2,157,0.82
2024-06-06 12:09:58.557,-3734.8333333333335,1085.8333333333333,-156.16666666666666,157,0.82
2024-06-06 12:09:58.741,990.2,7338.0,-460.8,157,0.82
2024-06-06 12:09:58.932,4008.6,1736.8,-585.2,157,0.82
2024-06-06 12:09:59.129,-925.5,7560.5,620.3333333333334,157,0.82
2024-06-06 12:09:59.384,-4272.0,3160.0,-359.8,157,0.82
2024-06-06 12:09:59.532,1889.2,5307.4,-347.8,157,0.82
2024-06-06 12:09:59.793,2896.5,6964.833333333333,-37.0,157,0.82
2024-06-06 12:09:59.937,-3138.0,8265.0,1845.0,157,0.82
2024-06-06 12:09:59.938,-1960.5,1210.25,1040.75,157,0.82
2024-06-06 12:10:00.201,-4078.6,6192.2,-737.8,157,0.82
2024-06-06 12:10:00.340,2821.4,2682.0,348.2,157,0.82
2024-06-06 12:10:00.537,2896.6666666666665,8063.333333333333,-653.8333333333334,157,0.82
2024-06-06 12:10:00.732,-2367.8,1004.2,828.8,157,0.82
2024-06-06 12:10:01.021,-2751.2,7906.2,-298.2,157,0.82
2024-06-06 12:10:01.153,3425.1666666666665,456.0,-88.16666666666667,157,0.82
2024-06-06 12:10:01.333,3446.8,10394.2,543.8,157,0.82
2024-06-06 12:10:01.525,-3147.2,415.4,796.0,157,0.82
2024-06-06 12:10:01.738,-1174.0,9060.0,-82.4,157,0.82
2024-06-06 12:10:01.932,4010.0,18.0,48.5,157,0.82
2024-06-06 12:10:02.128,-384.4,9655.0,2243.8,157,0.82
2024-06-06 12:10:02.333,-1509.0,-50.0,989.0,157,0.82
2024-06-06 12:10:02.334,-3699.0,-506.25,357.25,157,0.82
2024-06-06 12:10:02.533,-140.66666666666666,7630.166666666667,-877.5,157,0.82
2024-06-06 12:10:02.727,4586.8,2969.8,-319.4,157,0.82
2024-06-06 12:10:02.938,-1533.0,7490.4,680.4,157,0.82
2024-06-06 12:10:03.139,-4238.166666666667,4477.5,-443.6666666666667,157,0.82
2024-06-06 12:10:03.339,2956.8,3550.2,84.6,157,0.82
2024-06-06 12:10:03.539,3765.2,6118.6,-615.0,157,0.82
2024-06-06 12:10:03.760,-1968.0,3232.5,604.5,157,0.82
2024-06-06 12:10:03.925,-4530.8,6633.6,-1228.0,157,0.82
2024-06-06 12:10:04.138,3128.2,1956.2,4.2,157,0.82
2024-06-06 12:10:04.332,3491.6,8711.2,-243.4,157,0.82
2024-06-06 12:10:04.543,-2533.1666666666665,1989.8333333333333,900.5,157,0.82
2024-06-06 12:10:04.798,-2192.0,8647.4,694.8,157,0.82
2024-06-06 12:10:04.931,3257.6,95.8,209.2,157,0.82
2024-06-06 12:10:05.140,472.3333333333333,9007.833333333334,537.1666666666666,157,0.82
2024-06-06 12:10:05.335,-2629.0,-786.6,357.4,157,0.82
2024-06-06 12:10:05.605,-1321.0,9614.4,-228.2,157,0.82
2024-06-06 12:10:05.741,4338.333333333333,1509.3333333333333,-290.8333333333333,157,0.82
2024-06-06 12:10:05.938,-208.2,9058.6,1480.4,157,0.82
2024-06-06 12:10:06.134,-3203.4,1098.8,278.4,157,0.82
2024-06-06 12:10:06.340,1188.8333333333333,7227.5,190.33333333333334,157,0.82
2024-06-06 12:10:06.537,4653.8,3147.2,-274.0,157,0.82
2024-06-06 12:10:06.748,-1608.6,7547.4,1936.8,157,0.82
2024-06-06 12:10:06.956,-4033.2,2527.4,-1172.8,157,0.82
2024-06-06 12:10:07.136,1824.5,5073.333333333333,-864.8333333333334,157,0.82
2024-06-06 12:10:07.331,2186.6,6162.4,-414.2,157,0.82
2024-06-06 12:10:07.557,-2266.0,3491.6,627.4,157,0.82
2024-06-06 12:10:07.741,-3591.1666666666665,6093.666666666667,-645.3333333333334,157,0.82
2024-06-06 12:10:07.931,3240.4,1519.8,520.2,157,0.82
2024-06-06 12:10:08.146,2579.0,7996.2,-303.6,159,0.83
2024-06-06 12:10:08.336,-2020.8333333333333,2114.3333333333335,1165.1666666666667,159,0.83
2024-06-06 12:10:08.632,-891.0,8949.8,-362.8,159,0.83
2024-06-06 12:10:08.742,3081.0,373.0,122.8,159,0.83
2024-06-06 12:10:08.964,1848.6,8192.2,9.6,159,0.83
2024-06-06 12:10:09.133,-2512.1666666666665,807.0,850.3333333333334,159,0.83
2024-06-06 12:10:09.343,-1980.8,8607.8,-158.8,159,0.83
2024-06-06 12:10:09.538,2840.0,260.8,-159.0,159,0.83
2024-06-06 12:10:09.794,3039.3333333333335,9334.5,305.5,159,0.83
2024-06-06 12:10:09.929,-2684.2,796.6,1265.8,159,0.83
2024-06-06 12:10:10.154,-607.6,9440.2,230.2,159,0.83
2024-06-06 12:10:10.334,2555.0,1406.0,5.0,159,0.83
2024-06-06 12:10:10.336,3732.5,-774.5,-194.0,159,0.83
2024-06-06 12:10:10.545,346.3333333333333,8783.5,819.1666666666666,159,0.83
2024-06-06 12:10:10.802,-2677.4,-516.6,-316.0,159,0.83
2024-06-06 12:10:10.947,-1689.8,9196.2,-454.6,159,0.83
2024-06-06 12:10:11.127,4342.833333333333,1231.3333333333333,25.5,159,0.83
2024-06-06 12:10:11.339,-315.4,9286.2,2780.6,159,0.83
2024-06-06 12:10:11.549,-2578.8,708.0,731.0,159,0.83
2024-06-06 12:10:11.727,393.6666666666667,7209.333333333333,-100.66666666666667,159,0.83
2024-06-06 12:10:11.940,6523.8,3225.2,1202.2,159,0.83
2024-06-06 12:10:12.147,-1269.2,7384.0,2212.6,159,0.83
2024-06-06 12:10:12.423,-3577.3333333333335,4717.333333333333,509.8333333333333,159,0.83
2024-06-06 12:10:12.534,2792.8,3712.2,203.6,159,0.83
2024-06-06 12:10:12.731,5625.6,4264.4,911.2,159,0.83
2024-06-06 12:10:12.927,-1062.0,5960.8,2589.0,159,0.83
2024-06-06 12:10:13.137,-2324.8333333333335,5839.5,1667.8333333333333,159,0.83
2024-06-06 12:10:13.333,3042.8,2691.2,960.8,159,0.83
2024-06-06 12:10:13.546,2504.6,5280.0,708.0,159,0.83
2024-06-06 12:10:13.740,-2525.0,3536.5,1514.6666666666667,159,0.83
2024-06-06 12:10:13.970,-4201.4,6688.0,-163.4,159,0.83
2024-06-06 12:10:14.143,2950.0,1822.0,497.0,159,0.83
2024-06-06 12:10:14.351,3218.6666666666665,7700.0,216.66666666666666,159,0.83
2024-06-06 12:10:14.629,-1713.8,2053.0,1678.8,159,0.83
2024-06-06 12:10:14.744,-2593.0,7482.8,-292.8,159,0.83
2024-06-06 12:10:14.937,3301.0,1232.4,866.8,159,0.83
2024-06-06 12:10:15.149,2814.0,7395.666666666667,486.3333333333333,159,0.83
2024-06-06 12:10:15.344,-3228.2,2289.8,1198.4,159,0.83
2024-06-06 12:10:15.539,-2699.0,8459.6,-329.4,159,0.83
2024-06-06 12:10:15.808,4497.666666666667,834.0,-231.5,159,0.83
2024-06-06 12:10:16.004,906.4,11253.4,1512.2,159,0.83
2024-06-06 12:10:16.153,-2103.4,381.4,1494.8,159,0.83
2024-06-06 12:10:16.333,-1348.6666666666667,7625.833333333333,40.833333333333336,159,0.83
2024-06-06 12:10:16.544,3856.6,-426.2,368.6,159,0.83
2024-06-06 12:10:16.738,542.2,10390.6,214.0,159,0.83
2024-06-06 12:10:16.971,-2884.0,935.0,184.0,159,0.83
2024-06-06 12:10:17.159,849.6,8734.6,-90.2,159,0.83
2024-06-06 12:10:17.354,3747.0,677.0,281.8,159,0.83
2024-06-06 12:10:17.534,-178.2,8607.4,1446.2,159,0.83
2024-06-06 12:10:17.744,-2501.5,256.5,954.8333333333334,159,0.83
2024-06-06 12:10:17.954,1601.2,9813.6,469.0,159,0.83
2024-06-06 12:10:18.145,3630.2,-132.4,392.4,159,0.83
2024-06-06 12:10:18.342,8601.833333333334,4233.0,-132.5,159,0.83
2024-06-06 12:10:18.554,2913.8,3419.2,-343.2,159,0.83
2024-06-06 12:10:18.729,5926.4,3743.4,-1108.0,159,0.83
2024-06-06 12:10:18.941,7024.666666666667,784.8333333333334,-200.66666666666666,159,0.83
2024-06-06 12:10:19.150,5401.4,-533.0,405.2,159,0.83
2024-06-06 12:10:19.331,6674.6,2256.8,3.4,159,0.83
2024-06-06 12:10:19.524,3753.8,3423.4,702.8,159,0.83
2024-06-06 12:10:19.795,6391.0,3328.3333333333335,-381.6666666666667,159,0.83
2024-06-06 12:10:19.930,6047.4,1993.2,-1081.0,159,0.83
2024-06-06 12:10:20.126,1925.6,2427.2,-163.6,159,0.83
2024-06-06 12:10:20.336,-888.0,4488.0,-448.0,159,0.83
2024-06-06 12:10:20.337,-753.8,3856.6,-698.4,159,0.83
2024-06-06 12:10:20.529,-717.4,3747.2,-891.4,159,0.83
2024-06-06 12:10:20.739,-681.4,3827.8,-1763.8,159,0.83
2024-06-06 12:10:20.980,-920.4,3657.2,-2632.0,159,0.83
2024-06-06 12:10:21.129,-407.1666666666667,3226.1666666666665,-2183.3333333333335,159,0.83
2024-06-06 12:10:21.324,-26.6,4124.8,-1305.6,159,0.83
2024-06-06 12:10:21.534,-401.4,3649.6,-1296.4,159,0.83
2024-06-06 12:10:21.730,-232.83333333333334,3847.1666666666665,-1275.3333333333333,159,0.83
2024-06-06 12:10:21.939,-66.4,3874.6,-1997.8,159,0.83
2024-06-06 12:10:22.134,-279.4,3399.2,-2307.2,162,0.85
2024-06-06 12:10:22.329,-782.6666666666666,3360.5,-2167.3333333333335,162,0.85
2024-06-06 12:10:22.556,-566.0,3337.8,-1995.2,162,0.85
2024-06-06 12:10:22.751,663.4,3920.0,-2579.2,162,0.85
2024-06-06 12:10:22.940,1438.5,3371.1666666666665,-1894.5,162,0.85
2024-06-06 12:10:23.141,1542.2,3253.8,-1893.6,162,0.85
