dateTime,rate,rateZone
2024-06-06 10:31:48,84,0.44
2024-06-06 10:31:49,84,0.44
2024-06-06 10:31:58,84,0.44
2024-06-06 10:32:04,83,0.43
2024-06-06 10:32:10,82,0.43
2024-06-06 10:32:16,78,0.41
2024-06-06 10:32:19,76,0.4
2024-06-06 10:32:26,76,0.4
2024-06-06 10:32:31,77,0.4
2024-06-06 10:32:34,77,0.4
2024-06-06 10:32:41,75,0.39
2024-06-06 10:32:46,76,0.4
2024-06-06 10:32:49,76,0.4
2024-06-06 10:32:57,76,0.4
2024-06-06 10:33:04,78,0.41
2024-06-06 10:33:10,77,0.4
2024-06-06 10:33:15,79,0.41
2024-06-06 10:33:19,78,0.41
2024-06-06 10:33:28,79,0.41
2024-06-06 10:33:34,78,0.41
2024-06-06 10:33:39,79,0.41
2024-06-06 10:33:47,81,0.42
2024-06-06 10:33:49,85,0.44
2024-06-06 10:33:55,85,0.44
2024-06-06 10:34:00,84,0.44
2024-06-06 10:34:04,84,0.44
2024-06-06 10:34:11,81,0.42
2024-06-06 10:34:18,81,0.42
2024-06-06 10:34:19,78,0.41
2024-06-06 10:34:26,76,0.4
2024-06-06 10:34:33,75,0.39
2024-06-06 10:34:34,77,0.4
2024-06-06 10:34:42,75,0.39
2024-06-06 10:34:49,74,0.38
2024-06-06 10:34:56,73,0.38
2024-06-06 10:35:01,72,0.37
2024-06-06 10:35:04,76,0.4
2024-06-06 10:35:12,80,0.42
2024-06-06 10:35:19,78,0.41
2024-06-06 10:35:26,78,0.41
2024-06-06 10:35:31,77,0.4
2024-06-06 10:35:34,77,0.4
2024-06-06 10:35:39,79,0.41
2024-06-06 10:35:44,76,0.4
2024-06-06 10:35:49,76,0.4
2024-06-06 10:35:58,73,0.38
2024-06-06 10:36:09,72,0.37
2024-06-06 10:36:19,74,0.38
2024-06-06 10:36:24,76,0.4
2024-06-06 10:36:31,73,0.38
2024-06-06 10:36:34,77,0.4
2024-06-06 10:36:40,77,0.4
2024-06-06 10:36:45,79,0.41
2024-06-06 10:36:49,80,0.42
2024-06-06 10:36:54,80,0.42
2024-06-06 10:37:03,81,0.42
2024-06-06 10:37:04,78,0.41
2024-06-06 10:37:10,73,0.38
2024-06-06 10:37:16,71,0.37
2024-06-06 10:37:19,71,0.37
2024-06-06 10:37:26,71,0.37
2024-06-06 10:37:32,69,0.36
2024-06-06 10:37:34,71,0.37
2024-06-06 10:37:39,74,0.38
2024-06-06 10:37:45,79,0.41
2024-06-06 10:37:49,77,0.4
2024-06-06 10:37:54,76,0.4
2024-06-06 10:38:00,77,0.4
2024-06-06 10:38:04,77,0.4
2024-06-06 10:38:13,77,0.4
2024-06-06 10:38:19,77,0.4
2024-06-06 10:38:27,76,0.4
2024-06-06 10:38:33,78,0.41
2024-06-06 10:38:34,79,0.41
2024-06-06 10:38:40,82,0.43
2024-06-06 10:38:46,82,0.43
2024-06-06 10:38:49,77,0.4
2024-06-06 10:38:55,79,0.41
2024-06-06 10:39:03,78,0.41
2024-06-06 10:39:04,79,0.41
2024-06-06 10:39:09,81,0.42
2024-06-06 10:39:14,83,0.43
2024-06-06 10:39:19,83,0.43
2024-06-06 10:39:27,86,0.45
2024-06-06 10:39:34,87,0.45
2024-06-06 10:39:43,86,0.45
2024-06-06 10:39:49,87,0.45
2024-06-06 10:39:54,88,0.46
2024-06-06 10:40:00,82,0.43
2024-06-06 10:40:04,79,0.41
2024-06-06 10:40:09,74,0.38
2024-06-06 10:40:16,77,0.4
2024-06-06 10:40:19,76,0.4
2024-06-06 10:40:26,79,0.41
2024-06-06 10:40:34,79,0.41
2024-06-06 10:40:41,80,0.42
2024-06-06 10:40:46,81,0.42
2024-06-06 10:40:49,76,0.4
2024-06-06 10:40:57,77,0.4
2024-06-06 10:41:03,76,0.4
2024-06-06 10:41:04,77,0.4
2024-06-06 10:41:12,78,0.41
2024-06-06 10:41:19,76,0.4
2024-06-06 10:41:27,76,0.4
2024-06-06 10:41:33,76,0.4
2024-06-06 10:41:34,74,0.38
2024-06-06 10:41:42,71,0.37
2024-06-06 10:41:49,71,0.37
2024-06-06 10:41:55,73,0.38
2024-06-06 10:42:00,68,0.35
2024-06-06 10:42:04,68,0.35
2024-06-06 10:42:13,65,0.34
2024-06-06 10:42:18,66,0.34
2024-06-06 10:42:19,69,0.36
2024-06-06 10:42:24,70,0.36
2024-06-06 10:42:29,70,0.36
2024-06-06 10:42:34,70,0.36
2024-06-06 10:42:39,72,0.37
2024-06-06 10:42:46,76,0.4
2024-06-06 10:42:49,81,0.42
2024-06-06 10:42:59,81,0.42
2024-06-06 10:43:04,84,0.44
2024-06-06 10:43:13,90,0.47
2024-06-06 10:43:19,93,0.48
2024-06-06 10:43:25,97,0.51
2024-06-06 10:43:32,97,0.51
2024-06-06 10:43:34,98,0.51
2024-06-06 10:43:39,98,0.51
2024-06-06 10:43:45,99,0.52
2024-06-06 10:43:49,99,0.52
2024-06-06 10:43:54,103,0.54
2024-06-06 10:44:00,104,0.54
2024-06-06 10:44:04,104,0.54
2024-06-06 10:44:10,104,0.54
2024-06-06 10:44:15,108,0.56
2024-06-06 10:44:19,108,0.56
2024-06-06 10:44:24,108,0.56
2024-06-06 10:44:29,107,0.56
2024-06-06 10:44:34,105,0.55
2024-06-06 10:44:42,105,0.55
2024-06-06 10:44:49,106,0.55
2024-06-06 10:44:49,108,0.56
2024-06-06 10:44:58,107,0.56
2024-06-06 10:45:04,109,0.57
2024-06-06 10:45:12,108,0.56
2024-06-06 10:45:19,107,0.56
2024-06-06 10:45:28,103,0.54
2024-06-06 10:45:34,105,0.55
2024-06-06 10:45:39,109,0.57
2024-06-06 10:45:45,106,0.55
2024-06-06 10:45:49,107,0.56
2024-06-06 10:45:54,109,0.57
2024-06-06 10:46:03,109,0.57
2024-06-06 10:46:04,107,0.56
2024-06-06 10:46:12,101,0.53
2024-06-06 10:46:19,101,0.53
2024-06-06 10:46:26,103,0.54
2024-06-06 10:46:33,103,0.54
2024-06-06 10:46:34,102,0.53
2024-06-06 10:46:39,100,0.52
2024-06-06 10:46:46,103,0.54
2024-06-06 10:46:49,101,0.53
2024-06-06 10:46:55,99,0.52
2024-06-06 10:47:01,98,0.51
2024-06-06 10:47:04,98,0.51
2024-06-06 10:47:09,96,0.5
2024-06-06 10:47:14,97,0.51
2024-06-06 10:47:19,97,0.51
2024-06-06 10:47:25,95,0.5
2024-06-06 10:47:34,93,0.48
2024-06-06 10:47:39,95,0.5
2024-06-06 10:47:45,100,0.52
2024-06-06 10:47:49,102,0.53
2024-06-06 10:47:54,100,0.52
2024-06-06 10:48:01,106,0.55
2024-06-06 10:48:04,108,0.56
2024-06-06 10:48:12,109,0.57
2024-06-06 10:48:18,110,0.57
2024-06-06 10:48:19,112,0.58
2024-06-06 10:48:28,111,0.58
2024-06-06 10:48:34,111,0.58
2024-06-06 10:48:42,109,0.57
2024-06-06 10:48:49,109,0.57
2024-06-06 10:48:54,109,0.57
2024-06-06 10:48:59,107,0.56
2024-06-06 10:49:04,107,0.56
2024-06-06 10:49:13,107,0.56
2024-06-06 10:49:19,109,0.57
2024-06-06 10:49:19,108,0.56
2024-06-06 10:49:25,107,0.56
2024-06-06 10:49:32,106,0.55
2024-06-06 10:49:34,106,0.55
2024-06-06 10:49:39,104,0.54
2024-06-06 10:49:45,105,0.55
2024-06-06 10:49:49,105,0.55
2024-06-06 10:49:55,103,0.54
2024-06-06 10:50:00,101,0.53
2024-06-06 10:50:04,99,0.52
2024-06-06 10:50:11,97,0.51
2024-06-06 10:50:16,97,0.51
2024-06-06 10:50:19,95,0.5
2024-06-06 10:50:25,95,0.5
2024-06-06 10:50:34,96,0.5
2024-06-06 10:50:42,97,0.51
2024-06-06 10:50:49,101,0.53
2024-06-06 10:50:55,96,0.5
2024-06-06 10:51:04,96,0.5
2024-06-06 10:51:10,96,0.5
2024-06-06 10:51:17,97,0.51
2024-06-06 10:51:19,99,0.52
2024-06-06 10:51:26,104,0.54
2024-06-06 10:51:34,103,0.54
2024-06-06 10:51:40,107,0.56
2024-06-06 10:51:49,106,0.55
2024-06-06 10:51:54,108,0.56
2024-06-06 10:52:01,108,0.56
2024-06-06 10:52:04,108,0.56
2024-06-06 10:52:10,109,0.57
2024-06-06 10:52:19,110,0.57
2024-06-06 10:52:19,110,0.57
2024-06-06 10:52:27,109,0.57
2024-06-06 10:52:34,111,0.58
2024-06-06 10:52:40,112,0.58
2024-06-06 10:52:49,110,0.57
2024-06-06 10:52:49,112,0.58
2024-06-06 10:52:55,108,0.56
2024-06-06 10:53:04,108,0.56
2024-06-06 10:53:09,108,0.56
2024-06-06 10:53:15,108,0.56
2024-06-06 10:53:19,108,0.56
2024-06-06 10:53:25,105,0.55
2024-06-06 10:53:30,110,0.57
2024-06-06 10:53:34,110,0.57
2024-06-06 10:53:39,110,0.57
2024-06-06 10:53:46,108,0.56
2024-06-06 10:53:54,110,0.57
2024-06-06 10:54:01,111,0.58
2024-06-06 10:54:04,112,0.58
2024-06-06 10:54:10,112,0.58
2024-06-06 10:54:16,109,0.57
2024-06-06 10:54:19,110,0.57
2024-06-06 10:54:25,109,0.57
2024-06-06 10:54:30,110,0.57
2024-06-06 10:54:34,110,0.57
2024-06-06 10:54:39,110,0.57
2024-06-06 10:54:47,111,0.58
2024-06-06 10:54:49,112,0.58
2024-06-06 10:54:58,110,0.57
2024-06-06 10:55:04,109,0.57
2024-06-06 10:55:10,113,0.59
2024-06-06 10:55:17,112,0.58
2024-06-06 10:55:19,113,0.59
2024-06-06 10:55:26,107,0.56
2024-06-06 10:55:34,106,0.55
2024-06-06 10:55:41,105,0.55
2024-06-06 10:55:46,106,0.55
2024-06-06 10:55:49,106,0.55
2024-06-06 10:55:57,106,0.55
2024-06-06 10:56:04,108,0.56
2024-06-06 10:56:12,107,0.56
2024-06-06 10:56:18,107,0.56
2024-06-06 10:56:19,105,0.55
2024-06-06 10:56:27,106,0.55
2024-06-06 10:56:32,105,0.55
2024-06-06 10:56:34,108,0.56
2024-06-06 10:56:41,109,0.57
2024-06-06 10:56:46,111,0.58
2024-06-06 10:56:49,111,0.58
2024-06-06 10:56:56,112,0.58
2024-06-06 10:57:04,112,0.58
2024-06-06 10:57:11,113,0.59
2024-06-06 10:57:18,112,0.58
2024-06-06 10:57:19,110,0.57
2024-06-06 10:57:24,108,0.56
2024-06-06 10:57:31,109,0.57
2024-06-06 10:57:34,109,0.57
2024-06-06 10:57:42,109,0.57
2024-06-06 10:57:49,111,0.58
2024-06-06 10:57:55,110,0.57
2024-06-06 10:58:01,109,0.57
2024-06-06 10:58:04,112,0.58
2024-06-06 10:58:09,113,0.59
2024-06-06 10:58:16,114,0.6
2024-06-06 10:58:19,113,0.59
2024-06-06 10:58:27,114,0.6
2024-06-06 10:58:32,114,0.6
2024-06-06 10:58:34,113,0.59
2024-06-06 10:58:39,111,0.58
2024-06-06 10:58:45,108,0.56
2024-06-06 10:58:49,105,0.55
2024-06-06 10:58:57,105,0.55
2024-06-06 10:59:04,107,0.56
2024-06-06 10:59:09,102,0.53
2024-06-06 10:59:18,103,0.54
2024-06-06 10:59:19,105,0.55
2024-06-06 10:59:27,103,0.54
2024-06-06 10:59:33,102,0.53
2024-06-06 10:59:39,101,0.53
2024-06-06 10:59:45,103,0.54
2024-06-06 10:59:49,103,0.54
2024-06-06 10:59:59,98,0.51
2024-06-06 11:00:04,96,0.5
2024-06-06 11:00:11,95,0.5
2024-06-06 11:00:19,96,0.5
2024-06-06 11:00:25,97,0.51
2024-06-06 11:00:32,100,0.52
2024-06-06 11:00:34,101,0.53
2024-06-06 11:00:40,101,0.53
2024-06-06 11:00:45,103,0.54
2024-06-06 11:00:49,102,0.53
2024-06-06 11:00:54,99,0.52
2024-06-06 11:01:03,99,0.52
2024-06-06 11:01:04,101,0.53
2024-06-06 11:01:12,101,0.53
2024-06-06 11:01:18,100,0.52
2024-06-06 11:01:19,99,0.52
2024-06-06 11:01:25,100,0.52
2024-06-06 11:01:34,98,0.51
2024-06-06 11:01:43,97,0.51
2024-06-06 11:01:49,99,0.52
2024-06-06 11:01:57,98,0.51
2024-06-06 11:02:03,98,0.51
2024-06-06 11:02:04,97,0.51
2024-06-06 11:02:09,97,0.51
2024-06-06 11:02:15,98,0.51
2024-06-06 11:02:19,97,0.51
2024-06-06 11:02:25,101,0.53
2024-06-06 11:02:31,100,0.52
2024-06-06 11:02:34,98,0.51
2024-06-06 11:02:39,99,0.52
2024-06-06 11:02:44,104,0.54
2024-06-06 11:02:49,104,0.54
2024-06-06 11:02:56,104,0.54
2024-06-06 11:03:01,101,0.53
2024-06-06 11:03:04,99,0.52
2024-06-06 11:03:10,95,0.5
2024-06-06 11:03:18,98,0.51
2024-06-06 11:03:19,98,0.51
2024-06-06 11:03:24,98,0.51
2024-06-06 11:03:29,99,0.52
2024-06-06 11:03:39,100,0.52
2024-06-06 11:03:44,103,0.54
2024-06-06 11:03:49,105,0.55
2024-06-06 11:03:55,104,0.54
2024-06-06 11:04:01,103,0.54
2024-06-06 11:04:04,104,0.54
2024-06-06 11:04:12,106,0.55
2024-06-06 11:04:19,106,0.55
2024-06-06 11:04:25,105,0.55
2024-06-06 11:04:33,106,0.55
2024-06-06 11:04:34,105,0.55
2024-06-06 11:04:41,109,0.57
2024-06-06 11:04:49,109,0.57
2024-06-06 11:04:56,109,0.57
2024-06-06 11:05:03,110,0.57
2024-06-06 11:05:04,108,0.56
2024-06-06 11:05:13,104,0.54
2024-06-06 11:05:24,106,0.55
2024-06-06 11:05:29,104,0.54
2024-06-06 11:05:34,106,0.55
2024-06-06 11:05:39,104,0.54
2024-06-06 11:05:48,104,0.54
2024-06-06 11:05:49,105,0.55
2024-06-06 11:05:55,104,0.54
2024-06-06 11:06:00,106,0.55
2024-06-06 11:06:04,110,0.57
2024-06-06 11:06:09,108,0.56
2024-06-06 11:06:15,106,0.55
2024-06-06 11:06:25,107,0.56
2024-06-06 11:06:30,105,0.55
2024-06-06 11:06:34,108,0.56
2024-06-06 11:06:43,109,0.57
2024-06-06 11:06:48,107,0.56
2024-06-06 11:06:49,105,0.55
2024-06-06 11:06:54,107,0.56
2024-06-06 11:07:00,109,0.57
2024-06-06 11:07:09,115,0.6
2024-06-06 11:07:15,121,0.63
2024-06-06 11:07:19,121,0.63
2024-06-06 11:07:27,123,0.64
2024-06-06 11:07:32,122,0.64
2024-06-06 11:07:34,122,0.64
2024-06-06 11:07:40,117,0.61
2024-06-06 11:07:48,116,0.61
2024-06-06 11:07:49,117,0.61
2024-06-06 11:07:54,111,0.58
2024-06-06 11:08:04,112,0.58
2024-06-06 11:08:10,110,0.57
2024-06-06 11:08:15,109,0.57
2024-06-06 11:08:19,108,0.56
2024-06-06 11:08:24,110,0.57
2024-06-06 11:08:33,109,0.57
2024-06-06 11:08:34,109,0.57
2024-06-06 11:08:43,109,0.57
2024-06-06 11:08:49,111,0.58
2024-06-06 11:08:54,112,0.58
2024-06-06 11:09:00,110,0.57
2024-06-06 11:09:04,110,0.57
2024-06-06 11:09:12,111,0.58
2024-06-06 11:09:19,111,0.58
2024-06-06 11:09:25,111,0.58
2024-06-06 11:09:31,112,0.58
2024-06-06 11:09:34,114,0.6
2024-06-06 11:09:40,119,0.62
2024-06-06 11:09:46,117,0.61
2024-06-06 11:09:49,111,0.58
2024-06-06 11:09:57,111,0.58
2024-06-06 11:10:04,111,0.58
2024-06-06 11:10:10,110,0.57
2024-06-06 11:10:17,110,0.57
2024-06-06 11:10:19,111,0.58
2024-06-06 11:10:26,117,0.61
2024-06-06 11:10:34,117,0.61
2024-06-06 11:10:41,117,0.61
2024-06-06 11:10:48,118,0.62
2024-06-06 11:10:49,117,0.61
2024-06-06 11:10:54,117,0.61
2024-06-06 11:11:04,117,0.61
2024-06-06 11:11:09,119,0.62
2024-06-06 11:11:14,124,0.65
2024-06-06 11:11:19,123,0.64
2024-06-06 11:11:28,127,0.66
2024-06-06 11:11:34,125,0.65
2024-06-06 11:11:44,125,0.65
2024-06-06 11:11:49,125,0.65
2024-06-06 11:11:54,124,0.65
2024-06-06 11:12:02,126,0.66
2024-06-06 11:12:04,129,0.67
2024-06-06 11:12:09,126,0.66
2024-06-06 11:12:16,127,0.66
2024-06-06 11:12:19,127,0.66
2024-06-06 11:12:24,123,0.64
2024-06-06 11:12:30,123,0.64
2024-06-06 11:12:34,122,0.64
2024-06-06 11:12:41,122,0.64
2024-06-06 11:12:49,122,0.64
2024-06-06 11:12:55,121,0.63
2024-06-06 11:13:04,121,0.63
2024-06-06 11:13:10,118,0.62
2024-06-06 11:13:16,116,0.61
2024-06-06 11:13:19,114,0.6
2024-06-06 11:13:26,116,0.61
2024-06-06 11:13:32,116,0.61
2024-06-06 11:13:34,117,0.61
2024-06-06 11:13:39,118,0.62
2024-06-06 11:13:45,114,0.6
2024-06-06 11:13:49,112,0.58
2024-06-06 11:13:57,109,0.57
2024-06-06 11:14:04,109,0.57
2024-06-06 11:14:09,107,0.56
2024-06-06 11:14:15,106,0.55
2024-06-06 11:14:19,104,0.54
2024-06-06 11:14:26,101,0.53
2024-06-06 11:14:34,100,0.52
2024-06-06 11:14:43,96,0.5
2024-06-06 11:14:48,97,0.51
2024-06-06 11:14:49,99,0.52
2024-06-06 11:14:54,98,0.51
2024-06-06 11:15:02,98,0.51
2024-06-06 11:15:04,97,0.51
2024-06-06 11:15:10,101,0.53
2024-06-06 11:15:15,102,0.53
2024-06-06 11:15:19,105,0.55
2024-06-06 11:15:24,106,0.55
2024-06-06 11:15:29,105,0.55
2024-06-06 11:15:34,104,0.54
2024-06-06 11:15:41,103,0.54
2024-06-06 11:15:49,102,0.53
2024-06-06 11:15:54,106,0.55
2024-06-06 11:16:03,105,0.55
2024-06-06 11:16:04,102,0.53
2024-06-06 11:16:13,103,0.54
2024-06-06 11:16:18,104,0.54
2024-06-06 11:16:19,106,0.55
2024-06-06 11:16:24,107,0.56
2024-06-06 11:16:33,108,0.56
2024-06-06 11:16:34,108,0.56
2024-06-06 11:16:39,105,0.55
2024-06-06 11:16:48,104,0.54
2024-06-06 11:16:49,104,0.54
2024-06-06 11:16:55,105,0.55
2024-06-06 11:17:03,104,0.54
2024-06-06 11:17:04,108,0.56
2024-06-06 11:17:13,102,0.53
2024-06-06 11:17:19,101,0.53
2024-06-06 11:17:25,95,0.5
2024-06-06 11:17:34,93,0.48
2024-06-06 11:17:39,94,0.49
2024-06-06 11:17:48,95,0.5
2024-06-06 11:17:49,95,0.5
2024-06-06 11:17:56,88,0.46
2024-06-06 11:18:04,89,0.46
2024-06-06 11:18:10,88,0.46
2024-06-06 11:18:18,86,0.45
2024-06-06 11:18:19,86,0.45
2024-06-06 11:18:26,90,0.47
2024-06-06 11:18:31,92,0.48
2024-06-06 11:18:34,92,0.48
2024-06-06 11:18:42,91,0.47
2024-06-06 11:18:49,90,0.47
2024-06-06 11:18:49,89,0.46
2024-06-06 11:18:55,87,0.45
2024-06-06 11:19:01,84,0.44
2024-06-06 11:19:04,80,0.42
2024-06-06 11:19:10,83,0.43
2024-06-06 11:19:19,83,0.43
2024-06-06 11:19:19,83,0.43
2024-06-06 11:19:25,81,0.42
2024-06-06 11:19:32,78,0.41
2024-06-06 11:19:34,76,0.4
2024-06-06 11:19:43,77,0.4
2024-06-06 11:19:49,76,0.4
2024-06-06 11:19:58,80,0.42
2024-06-06 11:20:04,86,0.45
2024-06-06 11:20:09,87,0.45
2024-06-06 11:20:15,85,0.44
2024-06-06 11:20:19,87,0.45
2024-06-06 11:20:28,82,0.43
2024-06-06 11:20:34,81,0.42
2024-06-06 11:20:39,83,0.43
2024-06-06 11:20:48,83,0.43
2024-06-06 11:20:54,85,0.44
2024-06-06 11:20:59,91,0.47
2024-06-06 11:21:04,94,0.49
2024-06-06 11:21:12,90,0.47
2024-06-06 11:21:17,87,0.45
2024-06-06 11:21:19,86,0.45
2024-06-06 11:21:25,90,0.47
2024-06-06 11:21:32,89,0.46
2024-06-06 11:21:34,88,0.46
2024-06-06 11:21:39,85,0.44
2024-06-06 11:21:44,87,0.45
2024-06-06 11:21:49,83,0.43
2024-06-06 11:21:54,84,0.44
2024-06-06 11:22:02,84,0.44
2024-06-06 11:22:04,84,0.44
2024-06-06 11:22:10,88,0.46
2024-06-06 11:22:16,87,0.45
2024-06-06 11:22:19,90,0.47
2024-06-06 11:22:27,88,0.46
2024-06-06 11:22:34,88,0.46
2024-06-06 11:22:39,86,0.45
2024-06-06 11:22:46,85,0.44
2024-06-06 11:22:49,86,0.45
2024-06-06 11:22:58,88,0.46
2024-06-06 11:23:04,88,0.46
2024-06-06 11:23:10,85,0.44
2024-06-06 11:23:17,85,0.44
2024-06-06 11:23:19,83,0.43
2024-06-06 11:23:24,82,0.43
2024-06-06 11:23:29,79,0.41
2024-06-06 11:23:34,82,0.43
2024-06-06 11:23:43,81,0.42
2024-06-06 11:23:49,81,0.42
2024-06-06 11:23:54,81,0.42
2024-06-06 11:24:00,81,0.42
2024-06-06 11:24:04,81,0.42
2024-06-06 11:24:12,81,0.42
2024-06-06 11:24:17,80,0.42
2024-06-06 11:24:19,80,0.42
2024-06-06 11:24:25,84,0.44
2024-06-06 11:24:31,85,0.44
2024-06-06 11:24:34,86,0.45
2024-06-06 11:24:39,84,0.44
2024-06-06 11:24:45,85,0.44
2024-06-06 11:24:49,88,0.46
2024-06-06 11:24:58,92,0.48
2024-06-06 11:25:04,94,0.49
2024-06-06 11:25:09,95,0.5
2024-06-06 11:25:16,94,0.49
2024-06-06 11:25:19,91,0.47
2024-06-06 11:25:24,85,0.44
2024-06-06 11:25:31,84,0.44
2024-06-06 11:25:34,82,0.43
2024-06-06 11:25:39,81,0.42
2024-06-06 11:25:46,85,0.44
2024-06-06 11:25:49,86,0.45
2024-06-06 11:25:57,84,0.44
2024-06-06 11:26:04,84,0.44
2024-06-06 11:26:10,81,0.42
2024-06-06 11:26:17,82,0.43
2024-06-06 11:26:19,84,0.44
2024-06-06 11:26:27,85,0.44
2024-06-06 11:26:34,83,0.43
2024-06-06 11:26:39,80,0.42
2024-06-06 11:26:49,80,0.42
2024-06-06 11:26:54,80,0.42
2024-06-06 11:26:59,81,0.42
2024-06-06 11:27:04,84,0.44
2024-06-06 11:27:12,84,0.44
2024-06-06 11:27:19,84,0.44
2024-06-06 11:27:26,84,0.44
2024-06-06 11:27:34,83,0.43
2024-06-06 11:27:39,79,0.41
2024-06-06 11:27:47,80,0.42
2024-06-06 11:27:49,80,0.42
2024-06-06 11:27:55,80,0.42
2024-06-06 11:28:03,83,0.43
2024-06-06 11:28:04,87,0.45
2024-06-06 11:28:10,92,0.48
2024-06-06 11:28:19,94,0.49
2024-06-06 11:28:25,100,0.52
2024-06-06 11:28:30,107,0.56
2024-06-06 11:28:34,106,0.55
2024-06-06 11:28:40,105,0.55
2024-06-06 11:28:47,105,0.55
2024-06-06 11:28:49,102,0.53
2024-06-06 11:28:56,97,0.51
2024-06-06 11:29:02,94,0.49
2024-06-06 11:29:04,92,0.48
2024-06-06 11:29:09,91,0.47
2024-06-06 11:29:14,88,0.46
2024-06-06 11:29:19,88,0.46
2024-06-06 11:29:24,91,0.47
2024-06-06 11:29:34,91,0.47
2024-06-06 11:29:40,96,0.5
2024-06-06 11:29:45,99,0.52
2024-06-06 11:29:49,96,0.5
2024-06-06 11:29:55,97,0.51
2024-06-06 11:30:04,99,0.52
2024-06-06 11:30:10,92,0.48
2024-06-06 11:30:15,84,0.44
2024-06-06 11:30:19,84,0.44
2024-06-06 11:30:25,86,0.45
2024-06-06 11:30:32,86,0.45
2024-06-06 11:30:34,86,0.45
2024-06-06 11:30:39,85,0.44
2024-06-06 11:30:45,85,0.44
2024-06-06 11:30:49,83,0.43
2024-06-06 11:30:55,83,0.43
2024-06-06 11:31:00,79,0.41
2024-06-06 11:31:04,78,0.41
2024-06-06 11:31:09,78,0.41
2024-06-06 11:31:15,79,0.41
2024-06-06 11:31:24,80,0.42
2024-06-06 11:31:30,76,0.4
2024-06-06 11:31:34,75,0.39
2024-06-06 11:31:39,75,0.39
2024-06-06 11:31:44,75,0.39
2024-06-06 11:31:49,76,0.4
2024-06-06 11:31:57,75,0.39
2024-06-06 11:32:03,75,0.39
2024-06-06 11:32:04,77,0.4
2024-06-06 11:32:09,77,0.4
2024-06-06 11:32:15,78,0.41
2024-06-06 11:32:19,82,0.43
2024-06-06 11:32:25,83,0.43
2024-06-06 11:32:31,82,0.43
2024-06-06 11:32:34,81,0.42
2024-06-06 11:32:39,81,0.42
2024-06-06 11:32:47,79,0.41
2024-06-06 11:32:49,77,0.4
2024-06-06 11:32:54,77,0.4
2024-06-06 11:33:03,79,0.41
2024-06-06 11:33:04,81,0.42
2024-06-06 11:33:09,82,0.43
2024-06-06 11:33:14,85,0.44
2024-06-06 11:33:19,89,0.46
2024-06-06 11:33:28,88,0.46
2024-06-06 11:33:34,86,0.45
2024-06-06 11:33:44,87,0.45
2024-06-06 11:33:49,90,0.47
2024-06-06 11:33:55,89,0.46
2024-06-06 11:34:02,91,0.47
2024-06-06 11:34:04,94,0.49
2024-06-06 11:34:13,96,0.5
2024-06-06 11:34:19,98,0.51
2024-06-06 11:34:24,99,0.52
2024-06-06 11:34:30,98,0.51
2024-06-06 11:34:34,97,0.51
2024-06-06 11:34:39,100,0.52
2024-06-06 11:34:47,101,0.53
2024-06-06 11:34:49,100,0.52
2024-06-06 11:34:54,102,0.53
2024-06-06 11:35:01,99,0.52
2024-06-06 11:35:04,98,0.51
2024-06-06 11:35:11,97,0.51
2024-06-06 11:35:18,96,0.5
2024-06-06 11:35:24,95,0.5
2024-06-06 11:35:33,95,0.5
2024-06-06 11:35:34,93,0.48
2024-06-06 11:35:39,93,0.48
2024-06-06 11:35:47,94,0.49
2024-06-06 11:35:49,93,0.48
2024-06-06 11:35:55,84,0.44
2024-06-06 11:36:04,86,0.45
2024-06-06 11:36:09,85,0.44
2024-06-06 11:36:14,86,0.45
2024-06-06 11:36:19,88,0.46
2024-06-06 11:36:24,86,0.45
2024-06-06 11:36:30,82,0.43
2024-06-06 11:36:34,79,0.41
2024-06-06 11:36:40,78,0.41
2024-06-06 11:36:47,81,0.42
2024-06-06 11:36:49,81,0.42
2024-06-06 11:36:57,79,0.41
2024-06-06 11:37:03,81,0.42
2024-06-06 11:37:04,82,0.43
2024-06-06 11:37:10,84,0.44
2024-06-06 11:37:16,83,0.43
2024-06-06 11:37:19,85,0.44
2024-06-06 11:37:25,86,0.45
2024-06-06 11:37:31,86,0.45
2024-06-06 11:37:34,91,0.47
2024-06-06 11:37:44,93,0.48
2024-06-06 11:37:49,92,0.48
2024-06-06 11:37:54,92,0.48
2024-06-06 11:38:00,89,0.46
2024-06-06 11:38:04,90,0.47
2024-06-06 11:38:13,88,0.46
2024-06-06 11:38:19,88,0.46
2024-06-06 11:38:26,90,0.47
2024-06-06 11:38:33,89,0.46
2024-06-06 11:38:34,86,0.45
2024-06-06 11:38:39,86,0.45
2024-06-06 11:38:47,84,0.44
2024-06-06 11:38:54,83,0.43
2024-06-06 11:39:01,83,0.43
2024-06-06 11:39:04,83,0.43
2024-06-06 11:39:10,84,0.44
2024-06-06 11:39:16,83,0.43
2024-06-06 11:39:19,83,0.43
2024-06-06 11:39:26,84,0.44
2024-06-06 11:39:34,79,0.41
2024-06-06 11:39:40,83,0.43
2024-06-06 11:39:45,84,0.44
2024-06-06 11:39:49,86,0.45
2024-06-06 11:39:56,88,0.46
2024-06-06 11:40:02,89,0.46
2024-06-06 11:40:04,89,0.46
2024-06-06 11:40:10,89,0.46
2024-06-06 11:40:18,90,0.47
2024-06-06 11:40:19,88,0.46
2024-06-06 11:40:24,91,0.47
2024-06-06 11:40:31,93,0.48
2024-06-06 11:40:39,91,0.47
2024-06-06 11:40:45,85,0.44
2024-06-06 11:40:49,82,0.43
2024-06-06 11:40:56,83,0.43
2024-06-06 11:41:02,83,0.43
2024-06-06 11:41:04,83,0.43
2024-06-06 11:41:12,85,0.44
2024-06-06 11:41:19,84,0.44
2024-06-06 11:41:24,84,0.44
2024-06-06 11:41:29,85,0.44
2024-06-06 11:41:34,86,0.45
2024-06-06 11:41:44,88,0.46
2024-06-06 11:41:49,87,0.45
2024-06-06 11:41:55,85,0.44
2024-06-06 11:42:04,87,0.45
2024-06-06 11:42:09,89,0.46
2024-06-06 11:42:15,86,0.45
2024-06-06 11:42:19,88,0.46
2024-06-06 11:42:24,86,0.45
2024-06-06 11:42:29,89,0.46
2024-06-06 11:42:34,89,0.46
2024-06-06 11:42:41,85,0.44
2024-06-06 11:42:49,84,0.44
2024-06-06 11:42:54,85,0.44
2024-06-06 11:42:59,83,0.43
2024-06-06 11:43:04,82,0.43
2024-06-06 11:43:09,81,0.42
2024-06-06 11:43:17,82,0.43
2024-06-06 11:43:19,80,0.42
2024-06-06 11:43:25,81,0.42
2024-06-06 11:43:30,83,0.43
2024-06-06 11:43:34,83,0.43
2024-06-06 11:43:39,84,0.44
2024-06-06 11:43:44,81,0.42
2024-06-06 11:43:49,82,0.43
2024-06-06 11:43:54,82,0.43
2024-06-06 11:44:00,84,0.44
2024-06-06 11:44:04,86,0.45
2024-06-06 11:44:10,86,0.45
2024-06-06 11:44:15,87,0.45
2024-06-06 11:44:19,89,0.46
2024-06-06 11:44:24,95,0.5
2024-06-06 11:44:30,96,0.5
2024-06-06 11:44:34,96,0.5
2024-06-06 11:44:40,93,0.48
2024-06-06 11:44:48,91,0.47
2024-06-06 11:44:49,88,0.46
2024-06-06 11:44:55,88,0.46
2024-06-06 11:45:01,89,0.46
2024-06-06 11:45:04,84,0.44
2024-06-06 11:45:11,82,0.43
2024-06-06 11:45:19,81,0.42
2024-06-06 11:45:25,83,0.43
2024-06-06 11:45:34,84,0.44
2024-06-06 11:45:43,84,0.44
2024-06-06 11:45:49,84,0.44
2024-06-06 11:45:56,88,0.46
2024-06-06 11:46:04,87,0.45
2024-06-06 11:46:11,90,0.47
2024-06-06 11:46:16,91,0.47
2024-06-06 11:46:19,92,0.48
2024-06-06 11:46:24,92,0.48
2024-06-06 11:46:31,90,0.47
2024-06-06 11:46:34,91,0.47
2024-06-06 11:46:42,91,0.47
2024-06-06 11:46:48,90,0.47
2024-06-06 11:46:49,90,0.47
2024-06-06 11:46:59,89,0.46
2024-06-06 11:47:04,91,0.47
2024-06-06 11:47:10,90,0.47
2024-06-06 11:47:16,87,0.45
2024-06-06 11:47:19,85,0.44
2024-06-06 11:47:26,84,0.44
2024-06-06 11:47:32,85,0.44
2024-06-06 11:47:34,84,0.44
2024-06-06 11:47:40,83,0.43
2024-06-06 11:47:45,80,0.42
2024-06-06 11:47:49,80,0.42
2024-06-06 11:47:58,80,0.42
2024-06-06 11:48:03,81,0.42
2024-06-06 11:48:04,81,0.42
2024-06-06 11:48:14,80,0.42
2024-06-06 11:48:19,82,0.43
2024-06-06 11:48:25,89,0.46
2024-06-06 11:48:31,93,0.48
2024-06-06 11:48:34,96,0.5
2024-06-06 11:48:41,91,0.47
2024-06-06 11:48:49,112,0.58
2024-06-06 11:48:54,117,0.61
2024-06-06 11:48:59,126,0.66
2024-06-06 11:49:04,124,0.65
2024-06-06 11:49:09,121,0.63
2024-06-06 11:49:16,118,0.62
2024-06-06 11:49:19,116,0.61
2024-06-06 11:49:24,116,0.61
2024-06-06 11:49:31,114,0.6
2024-06-06 11:49:34,114,0.6
2024-06-06 11:49:43,114,0.6
2024-06-06 11:49:48,113,0.59
2024-06-06 11:49:49,112,0.58
2024-06-06 11:49:54,120,0.63
2024-06-06 11:50:04,121,0.63
2024-06-06 11:50:09,124,0.65
2024-06-06 11:50:16,128,0.67
2024-06-06 11:50:19,129,0.67
2024-06-06 11:50:26,131,0.68
2024-06-06 11:50:32,132,0.69
2024-06-06 11:50:34,131,0.68
2024-06-06 11:50:39,136,0.71
2024-06-06 11:50:45,136,0.71
2024-06-06 11:50:49,137,0.72
2024-06-06 11:50:56,140,0.73
2024-06-06 11:51:02,141,0.74
2024-06-06 11:51:04,140,0.73
2024-06-06 11:51:10,142,0.74
2024-06-06 11:51:15,141,0.74
2024-06-06 11:51:19,141,0.74
2024-06-06 11:51:24,139,0.73
2024-06-06 11:51:31,138,0.72
2024-06-06 11:51:34,138,0.72
2024-06-06 11:51:41,136,0.71
2024-06-06 11:51:48,137,0.72
2024-06-06 11:51:49,135,0.71
2024-06-06 11:51:58,131,0.68
2024-06-06 11:52:04,131,0.68
2024-06-06 11:52:12,129,0.67
2024-06-06 11:52:17,130,0.68
2024-06-06 11:52:19,131,0.68
2024-06-06 11:52:24,134,0.7
2024-06-06 11:52:30,133,0.7
2024-06-06 11:52:34,130,0.68
2024-06-06 11:52:40,127,0.66
2024-06-06 11:52:45,126,0.66
2024-06-06 11:52:49,126,0.66
2024-06-06 11:52:54,123,0.64
2024-06-06 11:53:00,122,0.64
2024-06-06 11:53:04,119,0.62
2024-06-06 11:53:13,122,0.64
2024-06-06 11:53:18,123,0.64
2024-06-06 11:53:24,123,0.64
2024-06-06 11:53:29,123,0.64
2024-06-06 11:53:34,124,0.65
2024-06-06 11:53:40,120,0.63
2024-06-06 11:53:47,120,0.63
2024-06-06 11:53:49,119,0.62
2024-06-06 11:53:56,119,0.62
2024-06-06 11:54:01,117,0.61
2024-06-06 11:54:04,115,0.6
2024-06-06 11:54:10,114,0.6
2024-06-06 11:54:17,115,0.6
2024-06-06 11:54:19,109,0.57
2024-06-06 11:54:25,107,0.56
2024-06-06 11:54:32,107,0.56
2024-06-06 11:54:34,106,0.55
2024-06-06 11:54:39,105,0.55
2024-06-06 11:54:49,104,0.54
2024-06-06 11:54:56,105,0.55
2024-06-06 11:55:03,106,0.55
2024-06-06 11:55:09,108,0.56
2024-06-06 11:55:15,108,0.56
2024-06-06 11:55:19,107,0.56
2024-06-06 11:55:24,100,0.52
2024-06-06 11:55:31,101,0.53
2024-06-06 11:55:39,100,0.52
2024-06-06 11:55:48,100,0.52
2024-06-06 11:55:49,100,0.52
2024-06-06 11:55:57,104,0.54
2024-06-06 11:56:03,103,0.54
2024-06-06 11:56:04,103,0.54
2024-06-06 11:56:10,107,0.56
2024-06-06 11:56:16,109,0.57
2024-06-06 11:56:19,111,0.58
2024-06-06 11:56:25,111,0.58
2024-06-06 11:56:32,110,0.57
2024-06-06 11:56:34,110,0.57
2024-06-06 11:56:41,109,0.57
2024-06-06 11:56:47,108,0.56
2024-06-06 11:56:49,108,0.56
2024-06-06 11:56:55,105,0.55
2024-06-06 11:57:03,105,0.55
2024-06-06 11:57:04,105,0.55
2024-06-06 11:57:09,106,0.55
2024-06-06 11:57:14,105,0.55
2024-06-06 11:57:19,101,0.53
2024-06-06 11:57:24,98,0.51
2024-06-06 11:57:31,97,0.51
2024-06-06 11:57:34,97,0.51
2024-06-06 11:57:39,93,0.48
2024-06-06 11:57:44,89,0.46
2024-06-06 11:57:49,87,0.45
2024-06-06 11:57:57,94,0.49
2024-06-06 11:58:02,95,0.5
2024-06-06 11:58:04,95,0.5
2024-06-06 11:58:10,95,0.5
2024-06-06 11:58:17,97,0.51
2024-06-06 11:58:19,97,0.51
2024-06-06 11:58:26,95,0.5
2024-06-06 11:58:32,96,0.5
2024-06-06 11:58:34,96,0.5
2024-06-06 11:58:43,96,0.5
2024-06-06 11:58:48,96,0.5
2024-06-06 11:58:49,97,0.51
2024-06-06 11:58:54,101,0.53
2024-06-06 11:59:02,103,0.54
2024-06-06 11:59:04,103,0.54
2024-06-06 11:59:11,106,0.55
2024-06-06 11:59:16,104,0.54
2024-06-06 11:59:19,103,0.54
2024-06-06 11:59:24,99,0.52
2024-06-06 11:59:31,96,0.5
2024-06-06 11:59:34,94,0.49
2024-06-06 11:59:42,92,0.48
2024-06-06 11:59:48,93,0.48
2024-06-06 11:59:49,94,0.49
2024-06-06 11:59:54,99,0.52
2024-06-06 11:59:59,102,0.53
2024-06-06 12:00:04,104,0.54
2024-06-06 12:00:11,110,0.57
2024-06-06 12:00:19,110,0.57
2024-06-06 12:00:24,112,0.58
2024-06-06 12:00:29,115,0.6
2024-06-06 12:00:34,118,0.62
2024-06-06 12:00:42,118,0.62
2024-06-06 12:00:49,118,0.62
2024-06-06 12:00:54,118,0.62
2024-06-06 12:01:02,118,0.62
2024-06-06 12:01:04,118,0.62
2024-06-06 12:01:13,119,0.62
2024-06-06 12:01:19,119,0.62
2024-06-06 12:01:26,122,0.64
2024-06-06 12:01:31,123,0.64
2024-06-06 12:01:34,123,0.64
2024-06-06 12:01:42,124,0.65
2024-06-06 12:01:48,125,0.65
2024-06-06 12:01:49,125,0.65
2024-06-06 12:01:59,125,0.65
2024-06-06 12:02:04,125,0.65
2024-06-06 12:02:09,123,0.64
2024-06-06 12:02:19,125,0.65
2024-06-06 12:02:25,128,0.67
2024-06-06 12:02:30,126,0.66
2024-06-06 12:02:34,126,0.66
2024-06-06 12:02:43,127,0.66
2024-06-06 12:02:49,128,0.67
2024-06-06 12:02:54,128,0.67
2024-06-06 12:03:00,130,0.68
2024-06-06 12:03:04,131,0.68
2024-06-06 12:03:11,132,0.69
2024-06-06 12:03:16,132,0.69
2024-06-06 12:03:19,131,0.68
2024-06-06 12:03:24,130,0.68
2024-06-06 12:03:32,129,0.67
2024-06-06 12:03:34,129,0.67
2024-06-06 12:03:42,131,0.68
2024-06-06 12:03:49,131,0.68
2024-06-06 12:03:55,131,0.68
2024-06-06 12:04:01,133,0.7
2024-06-06 12:04:04,132,0.69
2024-06-06 12:04:11,129,0.67
2024-06-06 12:04:19,128,0.67
2024-06-06 12:04:25,132,0.69
2024-06-06 12:04:34,132,0.69
2024-06-06 12:04:41,129,0.67
2024-06-06 12:04:47,130,0.68
2024-06-06 12:04:49,131,0.68
2024-06-06 12:04:54,132,0.69
2024-06-06 12:04:59,132,0.69
2024-06-06 12:05:04,133,0.7
2024-06-06 12:05:13,133,0.7
2024-06-06 12:05:19,128,0.67
2024-06-06 12:05:24,123,0.64
2024-06-06 12:05:31,123,0.64
2024-06-06 12:05:34,122,0.64
2024-06-06 12:05:39,121,0.63
2024-06-06 12:05:44,112,0.58
2024-06-06 12:05:49,109,0.57
2024-06-06 12:05:55,108,0.56
2024-06-06 12:06:00,108,0.56
2024-06-06 12:06:04,107,0.56
2024-06-06 12:06:10,106,0.55
2024-06-06 12:06:19,104,0.54
2024-06-06 12:06:28,103,0.54
2024-06-06 12:06:34,103,0.54
2024-06-06 12:06:41,99,0.52
2024-06-06 12:06:48,98,0.51
2024-06-06 12:06:49,95,0.5
2024-06-06 12:06:58,89,0.46
2024-06-06 12:07:03,88,0.46
2024-06-06 12:07:04,87,0.45
2024-06-06 12:07:10,91,0.47
2024-06-06 12:07:18,91,0.47
2024-06-06 12:07:19,91,0.47
2024-06-06 12:07:24,91,0.47
2024-06-06 12:07:31,93,0.48
2024-06-06 12:07:34,96,0.5
2024-06-06 12:07:39,99,0.52
2024-06-06 12:07:45,97,0.51
2024-06-06 12:07:49,98,0.51
2024-06-06 12:07:54,99,0.52
2024-06-06 12:08:01,105,0.55
2024-06-06 12:08:04,108,0.56
2024-06-06 12:08:11,114,0.6
2024-06-06 12:08:16,124,0.65
2024-06-06 12:08:19,125,0.65
2024-06-06 12:08:24,128,0.67
2024-06-06 12:08:30,131,0.68
2024-06-06 12:08:34,132,0.69
2024-06-06 12:08:40,131,0.68
2024-06-06 12:08:45,133,0.7
2024-06-06 12:08:49,135,0.71
2024-06-06 12:08:54,137,0.72
2024-06-06 12:09:02,136,0.71
2024-06-06 12:09:04,136,0.71
2024-06-06 12:09:09,137,0.72
2024-06-06 12:09:15,137,0.72
2024-06-06 12:09:19,140,0.73
2024-06-06 12:09:24,146,0.76
2024-06-06 12:09:34,146,0.76
2024-06-06 12:09:40,148,0.77
2024-06-06 12:09:46,152,0.8
2024-06-06 12:09:49,152,0.8
2024-06-06 12:09:54,155,0.81
2024-06-06 12:10:01,157,0.82
2024-06-06 12:10:04,157,0.82
2024-06-06 12:10:12,159,0.83
2024-06-06 12:10:19,159,0.83
2024-06-06 12:10:25,162,0.85
2024-06-06 12:10:32,169,0.88
2024-06-06 12:10:34,168,0.88
2024-06-06 12:10:40,166,0.87
2024-06-06 12:10:45,161,0.84
2024-06-06 12:10:49,163,0.85
2024-06-06 12:10:54,154,0.81
2024-06-06 12:11:00,155,0.81
2024-06-06 12:11:04,159,0.83
2024-06-06 12:11:09,149,0.78
2024-06-06 12:11:17,147,0.77
2024-06-06 12:11:19,145,0.76
2024-06-06 12:11:24,145,0.76
2024-06-06 12:11:29,141,0.74
2024-06-06 12:11:34,140,0.73
2024-06-06 12:11:40,137,0.72
2024-06-06 12:11:46,138,0.72
2024-06-06 12:11:49,138,0.72
2024-06-06 12:11:55,136,0.71
2024-06-06 12:12:03,135,0.71
2024-06-06 12:12:04,132,0.69
2024-06-06 12:12:09,128,0.67
2024-06-06 12:12:19,128,0.67
2024-06-06 12:12:25,125,0.65
2024-06-06 12:12:31,124,0.65
2024-06-06 12:12:34,122,0.64
2024-06-06 12:12:41,120,0.63
2024-06-06 12:12:47,118,0.62
2024-06-06 12:12:49,119,0.62
2024-06-06 12:12:54,120,0.63
2024-06-06 12:13:03,120,0.63
2024-06-06 12:13:04,121,0.63
2024-06-06 12:13:09,121,0.63
2024-06-06 12:13:15,120,0.63
2024-06-06 12:13:19,120,0.63
2024-06-06 12:13:26,118,0.62
2024-06-06 12:13:33,119,0.62
2024-06-06 12:13:39,117,0.61
2024-06-06 12:13:45,110,0.57
2024-06-06 12:13:49,110,0.57
2024-06-06 12:13:58,108,0.56
2024-06-06 12:14:04,107,0.56
2024-06-06 12:14:11,109,0.57
2024-06-06 12:14:16,108,0.56
2024-06-06 12:14:19,108,0.56
2024-06-06 12:14:26,108,0.56
2024-06-06 12:14:32,107,0.56
2024-06-06 12:14:34,108,0.56
2024-06-06 12:14:39,108,0.56
2024-06-06 12:14:46,106,0.55
2024-06-06 12:14:49,106,0.55
2024-06-06 12:14:58,104,0.54
2024-06-06 12:15:04,106,0.55
2024-06-06 12:15:09,102,0.53
2024-06-06 12:15:18,102,0.53
2024-06-06 12:15:24,103,0.54
2024-06-06 12:15:30,103,0.54
2024-06-06 12:15:34,103,0.54
2024-06-06 12:15:40,100,0.52
2024-06-06 12:15:47,98,0.51
2024-06-06 12:15:49,98,0.51
2024-06-06 12:15:59,97,0.51
2024-06-06 12:16:04,96,0.5
2024-06-06 12:16:09,97,0.51
2024-06-06 12:16:15,99,0.52
2024-06-06 12:16:19,102,0.53
2024-06-06 12:16:26,103,0.54
2024-06-06 12:16:32,104,0.54
2024-06-06 12:16:34,105,0.55
2024-06-06 12:16:40,105,0.55
2024-06-06 12:16:45,106,0.55
2024-06-06 12:16:49,110,0.57
2024-06-06 12:16:54,104,0.54
2024-06-06 12:17:02,105,0.55
2024-06-06 12:17:04,104,0.54
2024-06-06 12:17:10,106,0.55
2024-06-06 12:17:16,104,0.54
2024-06-06 12:17:19,104,0.54
2024-06-06 12:17:28,102,0.53
2024-06-06 12:17:34,101,0.53
2024-06-06 12:17:40,103,0.54
2024-06-06 12:17:48,104,0.54
2024-06-06 12:17:49,103,0.54
2024-06-06 12:17:54,98,0.51
2024-06-06 12:18:01,96,0.5
2024-06-06 12:18:04,95,0.5
2024-06-06 12:18:10,94,0.49
2024-06-06 12:18:15,90,0.47
2024-06-06 12:18:19,87,0.45
2024-06-06 12:18:25,82,0.43
2024-06-06 12:18:30,85,0.44
2024-06-06 12:18:34,87,0.45
2024-06-06 12:18:39,86,0.45
2024-06-06 12:18:47,90,0.47
2024-06-06 12:18:49,96,0.5
2024-06-06 12:18:54,101,0.53
2024-06-06 12:18:59,103,0.54
2024-06-06 12:19:04,108,0.56
2024-06-06 12:19:09,111,0.58
2024-06-06 12:19:14,119,0.62
2024-06-06 12:19:19,120,0.63
2024-06-06 12:19:25,123,0.64
2024-06-06 12:19:31,125,0.65
2024-06-06 12:19:34,125,0.65
2024-06-06 12:19:39,127,0.66
2024-06-06 12:19:46,125,0.65
2024-06-06 12:19:49,130,0.68
2024-06-06 12:19:55,157,0.82
2024-06-06 12:20:00,156,0.82
2024-06-06 12:20:04,158,0.83
2024-06-06 12:20:09,147,0.77
2024-06-06 12:20:15,147,0.77
2024-06-06 12:20:19,147,0.77
2024-06-06 12:20:26,148,0.77
2024-06-06 12:20:32,146,0.76
2024-06-06 12:20:34,144,0.75
2024-06-06 12:20:39,149,0.78
2024-06-06 12:20:47,150,0.78
2024-06-06 12:20:49,150,0.78
2024-06-06 12:20:58,150,0.78
2024-06-06 12:21:04,151,0.79
2024-06-06 12:21:09,151,0.79
2024-06-06 12:21:15,149,0.78
2024-06-06 12:21:19,147,0.77
2024-06-06 12:21:24,148,0.77
2024-06-06 12:21:29,146,0.76
2024-06-06 12:21:34,149,0.78
2024-06-06 12:21:41,147,0.77
2024-06-06 12:21:49,145,0.76
2024-06-06 12:21:55,140,0.73
2024-06-06 12:22:03,140,0.73
2024-06-06 12:22:04,140,0.73
2024-06-06 12:22:12,143,0.75
2024-06-06 12:22:19,142,0.74
2024-06-06 12:22:24,144,0.75
2024-06-06 12:22:30,146,0.76
2024-06-06 12:22:34,147,0.77
2024-06-06 12:22:43,147,0.77
2024-06-06 12:22:49,146,0.76
2024-06-06 12:22:55,142,0.74
2024-06-06 12:23:04,142,0.74
2024-06-06 12:23:09,139,0.73
2024-06-06 12:23:16,138,0.72
2024-06-06 12:23:19,140,0.73
2024-06-06 12:23:25,143,0.75
2024-06-06 12:23:31,142,0.74
2024-06-06 12:23:34,142,0.74
2024-06-06 12:23:40,138,0.72
2024-06-06 12:23:46,137,0.72
2024-06-06 12:23:49,136,0.71
2024-06-06 12:23:56,140,0.73
2024-06-06 12:24:04,140,0.73
2024-06-06 12:24:10,139,0.73
2024-06-06 12:24:19,141,0.74
2024-06-06 12:24:26,141,0.74
2024-06-06 12:24:32,140,0.73
2024-06-06 12:24:34,139,0.73
2024-06-06 12:24:39,138,0.72
2024-06-06 12:24:44,140,0.73
2024-06-06 12:24:49,140,0.73
2024-06-06 12:24:56,140,0.73
2024-06-06 12:25:01,140,0.73
2024-06-06 12:25:09,145,0.76
2024-06-06 12:25:15,144,0.75
2024-06-06 12:25:19,140,0.73
2024-06-06 12:25:28,139,0.73
2024-06-06 12:25:33,138,0.72
2024-06-06 12:25:34,137,0.72
2024-06-06 12:25:40,138,0.72
2024-06-06 12:25:46,136,0.71
2024-06-06 12:25:49,136,0.71
2024-06-06 12:25:55,134,0.7
2024-06-06 12:26:02,133,0.7
2024-06-06 12:26:04,132,0.69
2024-06-06 12:26:09,130,0.68
2024-06-06 12:26:15,128,0.67
2024-06-06 12:26:19,127,0.66
2024-06-06 12:26:24,128,0.67
2024-06-06 12:26:30,130,0.68
2024-06-06 12:26:34,129,0.67
2024-06-06 12:26:41,127,0.66
2024-06-06 12:26:46,122,0.64
2024-06-06 12:26:49,120,0.63
2024-06-06 12:26:54,117,0.61
2024-06-06 12:26:59,116,0.61
2024-06-06 12:27:04,113,0.59
2024-06-06 12:27:12,116,0.61
2024-06-06 12:27:19,118,0.62
2024-06-06 12:27:27,118,0.62
2024-06-06 12:27:32,117,0.61
2024-06-06 12:27:34,118,0.62
2024-06-06 12:27:40,115,0.6
2024-06-06 12:27:45,112,0.58
2024-06-06 12:27:49,112,0.58
2024-06-06 12:27:58,114,0.6
2024-06-06 12:28:04,113,0.59
2024-06-06 12:28:10,111,0.58
2024-06-06 12:28:19,111,0.58
2024-06-06 12:28:25,111,0.58
2024-06-06 12:28:32,110,0.57
2024-06-06 12:28:34,114,0.6
2024-06-06 12:28:39,113,0.59
2024-06-06 12:28:49,114,0.6
2024-06-06 12:28:54,113,0.59
2024-06-06 12:29:00,112,0.58
2024-06-06 12:29:04,112,0.58
2024-06-06 12:29:13,114,0.6
2024-06-06 12:29:19,114,0.6
2024-06-06 12:29:24,113,0.59
2024-06-06 12:29:29,111,0.58
2024-06-06 12:29:34,111,0.58
2024-06-06 12:29:41,112,0.58
2024-06-06 12:29:46,111,0.58
2024-06-06 12:29:49,111,0.58
2024-06-06 12:29:54,110,0.57
2024-06-06 12:29:59,110,0.57
2024-06-06 12:30:04,108,0.56
2024-06-06 12:30:12,108,0.56
2024-06-06 12:30:17,109,0.57
2024-06-06 12:30:19,109,0.57
2024-06-06 12:30:28,109,0.57
2024-06-06 12:30:34,107,0.56
2024-06-06 12:30:39,107,0.56
2024-06-06 12:30:45,108,0.56
2024-06-06 12:30:54,110,0.57
2024-06-06 12:31:03,110,0.57
2024-06-06 12:31:04,111,0.58
2024-06-06 12:31:09,112,0.58
2024-06-06 12:31:16,112,0.58
2024-06-06 12:31:19,110,0.57
2024-06-06 12:31:27,109,0.57
2024-06-06 12:31:33,110,0.57
2024-06-06 12:31:34,110,0.57
