Timestamp,altitude,course,hacc,latitude,longitude,speed,Acceleration_X,Acceleration_Y,Acceleration_Z,MagneticField_X,MagneticField_Y,MagneticField_Z,Orientation_X,Orientation_Y,Orientation_Z,AngularVelocity_X,AngularVelocity_Y,AngularVelocity_Z
2024-06-06 12:07:45,80.159,0.0,7.249,52.334694,4.861722,0.0,0.572809,3.625072,9.152057,8.746875,-22.260938,-41.010938,-128.3601,-21.669911,-3.731807,0.022903,0.041812,0.015979
2024-06-06 12:07:46,80.159,0.0,7.249,52.334694,4.861722,0.0,0.545288,3.561716,9.232622,8.595703,-22.837501,-40.627735,-129.532565,-21.076447,-3.326755,0.022903,0.041812,0.015979
2024-06-06 12:07:47,78.667,0.0,6.826,52.33469,4.861735,0.0,0.450365,3.705035,9.172096,9.32978,-23.739707,-39.143383,-130.918129,-22.052218,-2.708457,0.025433,-0.016245,-0.001065
2024-06-06 12:07:48,76.624,0.0,6.74,52.334687,4.861747,0.0,0.20327,3.653649,9.230266,9.153309,-23.575369,-40.08309,-131.69824,-21.6322,-1.393664,-0.018109,0.018376,0.017976
2024-06-06 12:07:49,72.881,0.0,6.434,52.334672,4.861761,0.0,0.26278,3.635248,9.219163,8.397657,-23.040235,-42.982033,-130.764075,-21.570307,-1.751654,-0.009321,-0.020639,-0.019308
2024-06-06 12:07:50,69.282,0.0,6.172,52.334658,4.861778,0.0,0.55797,3.877473,9.103266,7.736029,-24.297795,-42.293384,-131.024237,-23.024253,-3.529708,0.041812,-0.046872,0.006125
2024-06-06 12:07:51,67.409,0.0,6.062,52.334654,4.861785,0.0,0.556834,3.945956,9.084889,7.142647,-24.458824,-41.791546,-130.705033,-23.272697,-3.424033,-0.011318,0.028096,-0.008123
2024-06-06 12:07:52,66.443,0.0,5.889,52.33466,4.861791,0.0,0.997951,4.08121,8.967749,5.466797,-25.352345,-41.179689,-133.099407,-24.548399,-6.653091,0.040347,-0.101999,0.064848
2024-06-06 12:07:53,66.443,0.0,5.889,52.33466,4.861791,0.0,0.410501,3.477346,9.280658,6.572426,-23.993383,-42.393751,-131.86299,-20.678304,-2.618988,-0.08349,0.129563,-0.049135
2024-06-06 12:07:54,66.443,0.0,5.889,52.33466,4.861791,0.0,0.508654,3.219483,9.392224,9.100368,-22.239707,-40.020222,-131.115068,-19.684281,-2.41564,-0.014914,-0.00253,-0.004527
2024-06-06 12:07:55,66.443,0.0,5.889,52.33466,4.861791,0.0,1.590126,4.481841,8.787294,6.244922,-23.322657,-39.657423,-123.889119,-25.738204,-11.258837,0.090547,-0.292814,-0.193479
2024-06-06 12:07:56,66.443,0.0,5.889,52.33466,4.861791,0.0,1.843825,2.679112,9.666046,7.400735,-11.693383,-39.808458,-86.623153,-18.430358,-9.033252,-0.352203,-0.083756,-0.496812
2024-06-06 12:07:57,66.443,0.0,5.889,52.33466,4.861791,0.0,0.622305,2.293325,9.117411,8.24228,0.808456,-41.836766,-95.721435,-16.610253,-9.508747,0.049535,-0.000399,0.213719
2024-06-06 12:07:58,66.443,0.0,5.889,52.33466,4.861791,0.0,1.968841,4.974275,10.40171,9.83086,-13.959375,-39.530861,-132.061902,-26.412723,-14.65349,0.172573,0.075767,0.518917
2024-06-06 12:07:59,66.443,0.0,5.889,52.33466,4.861791,0.0,2.158494,3.241736,8.344395,4.14375,-27.29228,-30.931986,-104.574723,-40.219384,-16.78949,0.495481,0.08602,0.418782
2024-06-06 12:08:00,66.443,0.0,5.889,52.33466,4.861791,0.0,2.466115,0.686884,9.225767,-10.412868,-26.455148,-35.455149,125.80837,-11.011188,-23.474499,-0.327968,0.646482,1.093893
2024-06-06 12:08:01,66.443,0.0,5.889,52.33466,4.861791,0.0,2.692332,1.849018,9.164487,-22.07461,-21.181641,-34.809376,123.354402,-13.564967,-21.042165,0.092944,-0.101067,0.082425
2024-06-06 12:08:02,66.443,0.0,5.889,52.33466,4.861791,0.0,2.825026,1.149093,9.173436,-18.387133,-23.080148,-33.90331,119.227777,-15.154419,-20.059221,-0.002264,0.03289,-0.049535
2024-06-06 12:08:03,66.443,0.0,5.889,52.33466,4.861791,0.0,2.741971,4.990638,8.994991,-14.738603,-28.095222,-30.362869,141.394312,-29.896404,-14.557284,0.233692,-0.046206,-0.757269
2024-06-06 12:08:04,66.443,0.0,5.889,52.33466,4.861791,0.0,1.029691,5.336294,9.697033,-0.88125,-35.857033,-23.034376,27.467335,-36.97637,-16.379525,-0.146207,-0.077232,0.091746
2024-06-06 12:08:05,66.443,0.0,5.889,52.33466,4.861791,0.0,2.284679,2.210848,7.290225,-0.630882,-35.730884,-26.390075,-39.530714,-38.336692,-12.177559,-0.274439,-0.124236,-0.538358
2024-06-06 12:08:06,66.443,0.0,5.889,52.33466,4.861791,0.0,4.022502,6.598555,9.008511,-4.385294,-37.249634,-21.650736,157.541012,-47.004864,-27.328197,0.608532,0.32171,0.300005
2024-06-06 12:08:07,66.443,0.0,5.889,52.33466,4.861791,0.0,3.355252,7.9014,8.18142,-4.804688,-39.874221,-8.452735,159.609161,-56.134278,-34.106666,-0.221442,0.060587,0.040081
2024-06-06 12:08:08,66.443,0.0,5.889,52.33466,4.861791,0.0,6.54449,4.757685,4.821681,-4.229779,-39.431252,-4.913603,155.028309,-60.211684,-40.524601,-0.351271,-0.184291,-0.294013
2024-06-06 12:08:09,66.443,0.0,5.889,52.33466,4.861791,0.0,4.425561,6.553499,4.389059,-7.121691,-36.290075,-4.254044,111.62594,-57.829682,-69.632533,0.635962,0.585496,0.175236
2024-06-06 12:08:10,66.443,0.0,5.889,52.33466,4.861791,0.0,5.281917,6.957694,7.741116,-5.313282,-35.040236,-1.674609,149.089397,-58.363984,-45.150353,-0.790159,-0.012517,0.017044
2024-06-06 12:08:11,66.443,0.0,5.889,52.33466,4.861791,0.0,6.454436,6.316214,6.709223,-4.2375,-37.271693,-5.825735,143.557131,-59.793329,-49.071257,-0.229165,0.088284,-0.185755
2024-06-06 12:08:12,66.443,0.0,5.889,52.33466,4.861791,0.0,2.003391,6.71639,5.708808,-2.987868,-34.993016,-7.271691,77.45678,-58.490658,-33.889091,0.305997,0.654205,0.001332
2024-06-06 12:08:13,66.443,0.0,5.889,52.33466,4.861791,0.0,5.059217,5.5396,6.461195,-3.798047,-36.48047,-5.859375,155.720376,-58.040344,-33.847609,-0.646881,-0.344613,0.035819
2024-06-06 12:08:14,66.443,0.0,5.889,52.33466,4.861791,0.0,5.838021,6.770851,8.314066,-4.784559,-33.976105,-7.391912,78.938019,-55.492896,-38.45691,-0.109456,0.233959,0.014514
2024-06-06 12:08:15,66.443,0.0,5.889,52.33466,4.861791,0.0,3.008281,6.216972,8.687765,-5.295221,-32.091178,-17.431986,85.21824,-45.738651,-31.695952,0.063117,0.449674,0.448742
2024-06-06 12:08:16,66.443,0.0,5.889,52.33466,4.861791,0.0,4.266175,3.882139,5.049609,-4.586719,-33.445314,-11.805469,154.059845,-52.76319,-36.966973,-0.411325,-0.366717,-0.216249
2024-06-06 12:08:17,66.443,0.0,5.889,52.33466,4.861791,0.0,5.02403,8.047326,7.330137,-5.898529,-35.394487,-7.844118,75.541488,-61.573401,-34.229671,0.2281,0.606268,-0.042877
2024-06-06 12:08:18,66.443,0.0,5.889,52.33466,4.861791,0.0,4.927875,8.611123,6.215728,-5.663603,-36.806252,-4.658824,129.581701,-63.436371,-60.428629,-0.222241,0.10879,0.212786
2024-06-06 12:08:19,66.443,0.0,5.889,52.33466,4.861791,0.0,4.931452,4.763332,4.061123,-7.007813,-37.525783,-3.324609,153.065444,-58.387926,-40.76425,-0.455667,-0.150202,-0.346211
2024-06-06 12:08:20,66.443,0.0,5.889,52.33466,4.861791,0.0,4.08255,7.665599,6.982257,-6.697059,-37.496693,-4.405147,78.328019,-62.830513,-36.390874,0.22051,0.749147,0.056992
2024-06-06 12:08:21,66.443,0.0,5.889,52.33466,4.861791,0.0,5.043651,8.080921,7.230811,-8.047059,-37.868384,-6.02978,136.395835,-59.23604,-46.960841,-0.44062,-0.062052,0.305997
2024-06-06 12:08:22,66.443,0.0,5.889,52.33466,4.861791,0.0,5.329079,5.28949,4.924573,-7.766016,-37.773048,-5.339063,87.684892,-58.326953,-38.06986,-0.32677,-0.224238,-0.496679
2024-06-06 12:08:23,66.443,0.0,5.889,52.33466,4.861791,0.0,4.210387,7.064761,5.344465,-6.279044,-36.829414,-6.930883,156.336282,-57.53523,-39.289889,-0.32677,-0.224238,-0.496679
2024-06-06 12:08:24,66.443,0.0,5.889,52.33466,4.861791,0.0,4.755029,7.848267,7.471254,-6.490809,-34.529781,-5.620588,70.725766,-58.784899,-45.728434,0.399607,0.62997,0.191614
2024-06-06 12:08:25,66.443,0.0,5.889,52.33466,4.861791,0.0,4.889326,5.699392,5.741602,-5.623828,-35.253518,-6.555469,156.217628,-56.975337,-35.716221,-0.522911,-0.114516,0.334093
2024-06-06 12:08:26,66.443,0.0,5.889,52.33466,4.861791,0.0,2.642227,6.974288,5.33353,-2.712132,-34.980884,-7.816544,93.937783,-58.37427,-24.296531,-0.297741,0.020639,-0.423176
2024-06-06 12:08:27,66.443,0.0,5.889,52.33466,4.861791,0.0,4.520162,7.360334,8.805587,-3.481985,-33.566914,-9.009927,69.380105,-61.059703,-42.109784,0.35926,0.629171,0.22264
2024-06-06 12:08:28,66.443,0.0,5.889,52.33466,4.861791,0.0,5.988924,5.575336,6.312709,-4.678125,-33.878908,-7.18125,160.357821,-55.045843,-31.640857,-0.690158,-0.100934,0.123038
2024-06-06 12:08:29,66.443,0.0,5.889,52.33466,4.861791,0.0,2.664133,5.931831,5.429374,-8.096691,-35.05809,-8.950368,156.331036,-52.262955,-32.213961,-0.160056,-0.057524,-0.285624
2024-06-06 12:08:30,66.443,0.0,5.889,52.33466,4.861791,0.0,2.251658,5.566304,9.235386,-5.562132,-35.92059,-8.61728,84.62067,-57.278041,-24.892825,0.510128,0.757402,0.083091
2024-06-06 12:08:31,66.443,0.0,5.889,52.33466,4.861791,0.0,6.182372,5.862798,6.259744,-5.19961,-33.419533,-22.244532,155.982355,-34.740139,-15.635998,-0.842224,0.021305,-0.027431
2024-06-06 12:08:32,66.443,0.0,5.889,52.33466,4.861791,0.0,7.56832,-2.900317,0.085314,-16.889339,-35.056987,-7.021324,129.146374,-33.144339,-58.662555,-0.07124,-0.539423,0.039681
2024-06-06 12:08:33,66.443,0.0,5.889,52.33466,4.861791,0.0,7.047317,-7.58441,-4.622718,-30.661766,5.215809,14.451839,106.568296,32.41654,-103.933819,0.344346,-0.701876,1.023985
2024-06-06 12:08:34,66.443,0.0,5.889,52.33466,4.861791,0.0,10.54371,-0.425635,-1.84684,-31.091017,6.972657,25.707423,109.730132,12.809563,-111.707607,-0.064848,0.286423,-0.714792
2024-06-06 12:08:35,66.443,0.0,5.889,52.33466,4.861791,0.0,6.626935,-0.938416,0.857268,-29.869854,-12.570221,25.207722,118.45929,0.932898,-87.032119,-0.44062,-0.674845,0.580702
2024-06-06 12:08:36,66.443,0.0,5.889,52.33466,4.861791,0.0,10.73845,-0.586242,-1.314413,-32.261031,-3.507353,24.719119,93.792238,-7.902107,-72.888906,-0.754606,-0.394946,0.095474
2024-06-06 12:08:37,66.443,0.0,5.889,52.33466,4.861791,0.0,10.528408,-2.002505,-1.487414,-33.492189,-5.647266,21.96797,115.220121,-10.326801,-90.600741,-0.754606,-0.394946,0.095474
2024-06-06 12:08:38,66.443,0.0,5.889,52.33466,4.861791,0.0,6.916561,-1.531849,0.228024,-33.537134,-14.854413,14.983457,127.750733,-8.492944,-89.437005,0.021305,1.06513,0.378834
2024-06-06 12:08:39,66.443,0.0,5.889,52.33466,4.861791,0.0,9.327187,-1.391223,-0.702892,-31.558457,-15.762133,18.745589,-41.421876,12.535283,-122.99611,-0.139683,-0.9867,0.449275
2024-06-06 12:08:40,66.443,0.0,5.889,52.33466,4.861791,0.0,8.484446,-1.266054,-3.293972,-30.37383,-12.631641,19.873829,103.774788,56.636259,-126.678535,-0.388155,-0.057125,0.494016
2024-06-06 12:08:41,66.443,0.0,5.889,52.33466,4.861791,0.0,11.374462,0.048179,0.231123,-25.461398,-9.826103,22.701839,-31.027239,76.88485,-24.385559,0.457131,0.608532,0.457664
2024-06-06 12:08:42,66.443,0.0,5.889,52.33466,4.861791,0.0,6.996482,-1.397971,-1.65417,-26.42206,-6.665074,22.51434,-40.30676,81.629443,81.189533,-0.211987,-0.740625,-0.030893
2024-06-06 12:08:43,66.443,0.0,5.889,52.33466,4.861791,0.0,8.342397,-1.127905,-3.410885,-29.806642,-5.487891,19.503517,32.180619,70.18229,14.282193,0.018109,0.182826,0.654338
2024-06-06 12:08:44,66.443,0.0,5.889,52.33466,4.861791,0.0,10.614167,0.563976,-3.593314,-25.299266,-4.816544,22.629045,24.000191,52.448675,-5.765584,0.344346,0.406265,0.540621
2024-06-06 12:08:45,66.443,0.0,5.889,52.33466,4.861791,0.0,8.224084,0.166002,-3.998431,-23.929413,-6.238235,21.49081,53.592987,52.404805,-6.41671,-0.284559,-0.816658,0.110787
2024-06-06 12:08:46,66.443,0.0,5.889,52.33466,4.861791,0.0,6.860641,0.02473,-2.30424,-22.957032,-10.856251,20.528907,70.401547,56.841999,-21.810921,-0.37484,0.35966,0.353002
2024-06-06 12:08:47,66.443,0.0,5.889,52.33466,4.861791,0.0,11.41788,-0.242943,-2.941317,-25.560663,-11.013971,20.998898,51.913679,62.600116,7.828751,0.169111,-0.178565,0.641555
2024-06-06 12:08:48,66.443,0.0,5.889,52.33466,4.861791,0.0,9.547326,0.308519,-3.586817,-27.272428,-14.157354,20.824633,68.280356,60.783928,4.501062,-0.233692,-0.36219,-0.186421
2024-06-06 12:08:49,66.443,0.0,5.889,52.33466,4.861791,0.0,8.095481,-0.272997,-1.950162,-29.435296,-12.241545,23.351472,67.830247,55.795988,-5.643232,0.23063,0.649278,0.426372
2024-06-06 12:08:50,66.443,0.0,5.889,52.33466,4.861791,0.0,8.036091,1.667283,-3.687818,-28.38633,-15.454688,26.508986,73.327483,60.236356,-2.938947,0.194011,-0.58483,0.353135
2024-06-06 12:08:51,66.443,0.0,5.889,52.33466,4.861791,0.0,9.433416,1.682454,-4.350247,-30.249266,-17.821324,24.376104,75.684906,61.505424,-15.027765,-0.488423,-0.190949,0.186155
2024-06-06 12:08:52,66.443,0.0,5.889,52.33466,4.861791,0.0,10.405333,1.326904,-2.597648,-29.55331,-20.219118,24.566913,89.377326,66.529534,-24.478529,0.221442,0.350339,-0.001198
2024-06-06 12:08:53,66.443,0.0,5.889,52.33466,4.861791,0.0,6.679493,0.553125,-3.276827,-27.460548,-19.934767,24.357423,74.042093,55.383486,-6.62076,-0.0253,-0.397077,0.101999
2024-06-06 12:08:54,66.443,0.0,5.889,52.33466,4.861791,0.0,8.900487,1.911925,-5.062244,-24.355148,-15.372795,25.938971,78.206606,58.390458,-23.195338,-0.089615,-0.080694,0.48616
2024-06-06 12:08:55,66.443,0.0,5.889,52.33466,4.861791,0.0,10.548962,1.533321,-3.942403,-23.388972,-14.824633,26.769487,74.694918,68.251675,-20.658045,0.376571,0.501739,0.142612
2024-06-06 12:08:56,66.443,0.0,5.889,52.33466,4.861791,0.0,8.08463,1.259845,-4.522734,-22.654688,-15.159376,26.514845,56.145043,57.688228,-1.366916,-0.18722,-0.683233,0.135954
2024-06-06 12:08:57,66.443,0.0,5.889,52.33466,4.861791,0.0,6.346196,1.384726,-3.624133,-24.744486,-12.936397,29.412133,76.307356,59.783825,-30.084736,-0.022237,0.163518,0.086553
2024-06-06 12:08:58,66.443,0.0,5.889,52.33466,4.861791,0.0,9.662541,1.380623,-5.710268,-24.94081,-14.476104,29.554413,75.533171,59.060745,-19.848654,0.383761,0.366184,0.254465
2024-06-06 12:08:59,66.443,0.0,5.889,52.33466,4.861791,0.0,7.837415,2.106186,-6.215596,-24.123048,-12.717188,29.916798,66.682518,51.91477,-15.774653,-0.327835,-0.759666,0.228632
2024-06-06 12:09:00,66.443,0.0,5.889,52.33466,4.861791,0.0,6.996554,0.935881,-2.683898,-18.94081,-12.752206,32.533457,88.397569,59.624136,-46.714843,-0.10413,-0.071506,0.099602
2024-06-06 12:09:01,66.443,0.0,5.889,52.33466,4.861791,0.0,9.727721,1.157157,-4.591468,-20.306251,-15.045222,27.375001,70.417488,58.978973,-16.698615,0.43809,0.336091,0.031958
2024-06-06 12:09:02,66.443,0.0,5.889,52.33466,4.861791,0.0,10.094242,-1.303502,-3.484979,-22.645313,-11.171485,26.071876,64.263277,54.392652,-5.527814,-0.284559,-0.426904,0.434628
2024-06-06 12:09:03,66.443,0.0,5.889,52.33466,4.861791,0.0,7.194671,-0.701513,-1.21346,-25.044486,-8.634927,24.07831,56.761636,53.195374,-1.389628,0.690024,0.727708,0.489622
2024-06-06 12:09:04,66.443,0.0,5.889,52.33466,4.861791,0.0,10.826254,1.249388,-3.647212,-31.192281,-9.533824,22.244119,69.078358,51.644828,-3.185109,-0.40227,-0.217846,0.128231
2024-06-06 12:09:05,66.443,0.0,5.889,52.33466,4.861791,0.0,10.535051,-0.187697,-4.466076,-27.021095,-13.141407,25.788282,83.627756,57.769034,-15.534536,-0.40227,-0.217846,0.128231
2024-06-06 12:09:06,66.443,0.0,5.889,52.33466,4.861791,0.0,7.686105,-2.046007,1.355055,-29.020589,-17.988971,23.396692,69.945792,63.590369,-7.057791,0.211455,0.395213,0.300937
2024-06-06 12:09:07,66.443,0.0,5.889,52.33466,4.861791,0.0,3.434685,-4.735271,5.262178,-33.945222,-8.715441,19.899265,37.327184,61.723972,41.999083,-0.427304,0.133424,0.08349
2024-06-06 12:09:08,66.443,0.0,5.889,52.33466,4.861791,0.0,1.026448,3.411555,9.558411,-34.473049,9.19336,-0.460547,49.532131,33.00354,85.36069,-0.034488,-0.941959,-1.114399
2024-06-06 12:09:09,66.443,0.0,5.889,52.33466,4.861791,0.0,0.856367,6.176653,6.727708,-14.308457,-17.960295,-25.500001,77.536294,61.440668,10.908399,-0.034488,-0.941959,-1.114399
2024-06-06 12:09:10,66.443,0.0,5.889,52.33466,4.861791,0.0,2.856528,6.717885,9.292646,-2.595221,-36.671693,-15.350736,-157.853081,27.053299,-75.751016,-0.034488,-0.941959,-1.114399
2024-06-06 12:09:11,66.443,0.0,5.889,52.33466,4.861791,0.0,4.349518,5.764214,5.547819,16.502344,-31.821095,-20.247657,-93.167969,-23.342547,-65.669064,0.056459,-0.305464,-0.537692
2024-06-06 12:09:12,66.443,0.0,5.889,52.33466,4.861791,0.0,6.305734,8.418022,6.302922,-7.990809,-14.734192,-37.580516,86.622995,-30.011668,133.713516,0.033423,-1.270993,-1.461142
2024-06-06 12:09:13,66.443,0.0,5.889,52.33466,4.861791,0.0,2.321576,6.904071,4.408417,-21.607721,-20.016177,-31.312502,153.166298,-23.073154,118.28204,-0.279099,-0.140482,0.069508
2024-06-06 12:09:14,66.443,0.0,5.889,52.33466,4.861791,0.0,2.962817,2.958653,10.363195,-17.39297,-24.975001,-26.245313,147.099533,-18.623957,109.140743,-0.565522,-0.304532,-0.187353
2024-06-06 12:09:15,66.443,0.0,5.889,52.33466,4.861791,0.0,4.245896,4.826802,8.236909,-11.406618,-6.922059,-33.612134,-34.358701,-59.677481,-33.445016,-0.396544,0.912132,0.466186
2024-06-06 12:09:16,66.443,0.0,5.889,52.33466,4.861791,0.0,1.991451,5.680836,6.572079,4.865074,1.924632,-43.386399,-155.161738,-39.767276,-87.017358,0.054195,0.308261,1.134239
2024-06-06 12:09:17,66.443,0.0,5.889,52.33466,4.861791,0.0,4.405606,6.573364,6.186363,-10.942969,-15.448829,-36.707814,143.878632,-36.607705,119.911966,-0.044475,-1.082175,-1.066862
2024-06-06 12:09:18,66.443,0.0,5.889,52.33466,4.861791,0.0,5.588545,8.772028,6.17749,-15.726839,-9.354044,-35.782722,154.706703,-32.829565,129.341947,-0.118777,0.539023,0.391751
2024-06-06 12:09:19,66.443,0.0,5.889,52.33466,4.861791,0.0,1.07415,8.561005,2.995981,-14.736398,-25.395222,-24.957354,153.806975,-10.940831,120.438037,0.006924,0.103597,-0.264851
2024-06-06 12:09:20,66.443,0.0,5.889,52.33466,4.861791,0.0,2.19173,9.34,3.313306,-16.11211,-26.620314,-27.529689,153.85724,-10.115698,111.811101,0.44275,0.551807,0.026498
2024-06-06 12:09:21,66.443,0.0,5.889,52.33466,4.861791,0.0,3.716999,12.484313,2.556564,-7.096324,-32.60956,-26.777207,155.53218,-0.064979,123.447107,-0.310391,-0.626908,0.328501
2024-06-06 12:09:22,66.443,0.0,5.889,52.33466,4.861791,0.0,0.653899,10.614956,2.895148,-11.079045,-32.387869,-23.180516,153.072861,3.867135,128.207114,0.062185,0.507864,-0.324905
2024-06-06 12:09:23,66.443,0.0,5.889,52.33466,4.861791,0.0,4.939982,6.896605,2.483415,-8.936719,-32.667189,-22.052345,153.600234,-1.918693,116.390237,-0.180562,0.177366,-0.059788
2024-06-06 12:09:24,66.443,0.0,5.889,52.33466,4.861791,0.0,2.368835,12.532684,1.802154,-8.686765,-31.220957,-20.869854,153.401123,-3.523279,113.300104,-0.333428,-0.72398,0.324639
2024-06-06 12:09:25,66.443,0.0,5.889,52.33466,4.861791,0.0,2.361142,12.057697,2.913238,-14.739706,-30.082722,-15.855883,158.447761,5.84256,117.76011,-0.017843,0.900015,-0.437957
2024-06-06 12:09:26,66.443,0.0,5.889,52.33466,4.861791,0.0,5.213374,5.704178,3.50192,-10.647656,-29.808986,-19.276172,154.897038,-3.918782,113.784776,-0.19521,-0.236355,0.391085
2024-06-06 12:09:27,66.443,0.0,5.889,52.33466,4.861791,0.0,3.693429,11.742765,4.060788,-14.004045,-29.939339,-22.614707,150.771139,-8.481692,112.510122,-0.270044,-0.326903,0.168711
2024-06-06 12:09:28,66.443,0.0,5.889,52.33466,4.861791,0.0,3.566873,11.051957,4.355368,-20.910662,-25.640075,-21.561398,148.003249,0.858303,116.762972,-0.198938,1.059272,-0.377103
2024-06-06 12:09:29,66.443,0.0,5.889,52.33466,4.861791,0.0,5.272489,8.913013,1.628507,-17.446876,-27.012891,-19.238673,150.315705,-6.731521,103.945329,-0.315185,-0.752209,0.78976
2024-06-06 12:09:30,66.443,0.0,5.889,52.33466,4.861791,0.0,0.955645,9.317675,2.489014,-18.781986,-27.827207,-19.495589,153.195968,-2.425345,115.244759,-0.065114,0.481899,0.058989
2024-06-06 12:09:31,66.443,0.0,5.889,52.33466,4.861791,0.0,3.430602,10.769939,4.721901,-18.357354,-31.369854,-15.138971,148.930242,5.60356,117.670556,-0.243679,0.811331,-0.540621
2024-06-06 12:09:32,66.443,0.0,5.889,52.33466,4.861791,0.0,4.808078,9.841799,4.052377,-12.273048,-32.739845,-13.041797,155.126636,-1.838564,104.650676,-0.541021,-0.760066,0.729572
2024-06-06 12:09:33,66.443,0.0,5.889,52.33466,4.861791,0.0,1.265767,8.447585,3.759089,-17.715442,-30.644119,-14.906251,163.026447,-7.362738,112.799716,-0.541021,-0.760066,0.729572
2024-06-06 12:09:34,66.443,0.0,5.889,52.33466,4.861791,0.0,4.398499,9.563789,3.353912,-20.832354,-29.79706,-14.70331,91.573209,-4.244124,121.350699,0.38962,0.347675,-0.280297
2024-06-06 12:09:35,66.443,0.0,5.889,52.33466,4.861791,0.0,3.985198,11.00568,4.026965,-19.713282,-32.957814,-17.142188,161.438439,-3.922097,110.733895,0.071639,0.502538,-0.149803
2024-06-06 12:09:36,66.443,0.0,5.889,52.33466,4.861791,0.0,2.427351,8.745575,4.057438,-17.585295,-31.295958,-18.38603,166.451019,-10.599702,119.357374,-0.762995,-0.904142,0.097205
2024-06-06 12:09:37,66.443,0.0,5.889,52.33466,4.861791,0.0,4.57619,7.248769,2.469572,-17.146324,-26.669119,-24.173163,162.534452,-4.655046,125.557821,0.380033,0.529702,0.119975
2024-06-06 12:09:38,66.443,0.0,5.889,52.33466,4.861791,0.0,5.160134,10.926011,5.183871,-15.890626,-26.983595,-19.91836,160.74839,-7.786995,104.739768,0.256196,0.026365,-0.249538
2024-06-06 12:09:39,66.443,0.0,5.889,52.33466,4.861791,0.0,2.630478,11.06245,3.820261,-14.198162,-27.904413,-17.964706,160.616762,-12.31714,110.749717,-0.484695,-0.416518,0.334626
2024-06-06 12:09:40,66.443,0.0,5.889,52.33466,4.861791,0.0,4.321091,5.777075,2.963391,-18.675001,-24.261398,-19.67978,161.455276,-3.439661,115.447856,0.10919,0.745818,0.011718
2024-06-06 12:09:41,66.443,0.0,5.889,52.33466,4.861791,0.0,2.364611,11.380456,3.266849,-16.783594,-30.27422,-13.448438,161.832825,-8.512443,100.218739,-0.234491,-0.218246,-0.034222
2024-06-06 12:09:42,66.443,0.0,5.889,52.33466,4.861791,0.0,2.767754,11.809262,4.400856,-18.465442,-30.007722,-16.47353,168.300183,-7.026512,125.770124,-0.335824,-0.23316,-0.005593
2024-06-06 12:09:43,66.443,0.0,5.889,52.33466,4.861791,0.0,3.834678,7.508007,2.780029,-19.05331,-29.822428,-16.346692,165.024681,-2.290225,120.536725,0.501073,0.816791,-0.102931
2024-06-06 12:09:44,66.443,0.0,5.889,52.33466,4.861791,0.0,1.430896,8.714086,4.903133,-17.620313,-28.931251,-20.995313,157.540693,-8.717213,109.51067,-0.550076,-0.492951,0.370978
2024-06-06 12:09:45,66.443,0.0,5.889,52.33466,4.861791,0.0,3.119643,11.233668,5.165398,-14.993383,-31.450369,-20.284192,151.859003,0.374454,113.018344,-0.121973,-0.094808,-0.318913
2024-06-06 12:09:46,66.443,0.0,5.889,52.33466,4.861791,0.0,4.251376,9.603558,3.248699,-14.283089,-28.54081,-23.039339,150.499164,1.660593,121.935701,-0.211055,1.028778,-0.13449
2024-06-06 12:09:47,66.443,0.0,5.889,52.33466,4.861791,0.0,1.820172,8.740945,1.947064,-10.073438,-30.201564,-23.450392,147.673681,-9.234892,113.881121,-0.410792,-0.49588,0.593352
2024-06-06 12:09:48,66.443,0.0,5.889,52.33466,4.861791,0.0,4.394956,6.939569,3.708047,-10.174633,-29.82684,-20.308457,149.889009,-1.213143,116.453382,-0.173638,-0.120108,-0.2534
2024-06-06 12:09:49,66.443,0.0,5.889,52.33466,4.861791,0.0,4.578403,10.960695,3.787886,-15.893383,-27.887869,-18.298898,155.563528,-4.902961,117.232896,0.057258,0.873516,-0.275238
2024-06-06 12:09:50,66.443,0.0,5.889,52.33466,4.861791,0.0,1.16942,9.446541,3.783687,-13.848048,-26.923829,-19.758985,155.364436,-11.0008,108.26091,-0.536493,-0.57684,0.651409
2024-06-06 12:09:51,66.443,0.0,5.889,52.33466,4.861791,0.0,4.288608,7.413814,4.538168,-16.033456,-28.93456,-16.882721,154.033,-0.890322,112.396857,-0.041545,0.224371,-0.170176
2024-06-06 12:09:52,66.443,0.0,5.889,52.33466,4.861791,0.0,4.653011,11.612201,4.697924,-17.927206,-28.498898,-15.786398,157.164183,-4.89928,121.56881,0.115182,0.723713,0.023036
2024-06-06 12:09:53,66.443,0.0,5.889,52.33466,4.861791,0.0,2.10304,8.627741,6.510033,-13.312501,-28.637111,-18.277735,149.655119,-8.457297,102.370994,-0.522512,-0.70587,0.272841
2024-06-06 12:09:54,66.443,0.0,5.889,52.33466,4.861791,0.0,3.825358,6.128653,4.435109,-18.446692,-25.938971,-17.975736,143.580794,-3.965826,107.366635,0.050201,0.537958,0.094143
2024-06-06 12:09:55,66.443,0.0,5.889,52.33466,4.861791,0.0,5.299408,11.155818,3.60584,-20.155148,-22.791178,-16.755883,153.235876,-1.496482,96.922652,0.062052,-0.041146,0.333694
2024-06-06 12:09:56,66.443,0.0,5.889,52.33466,4.861791,0.0,1.84976,9.434696,4.492752,-23.676564,-24.465235,-10.144922,153.781655,-6.567153,83.73289,-0.200669,-0.861399,0.256063
2024-06-06 12:09:57,66.443,0.0,5.889,52.33466,4.861791,0.0,4.194762,7.992841,2.780029,-22.036766,-24.006619,-11.345956,155.413283,-18.170395,107.760355,0.376837,1.011335,0.292015
2024-06-06 12:09:58,66.443,0.0,5.889,52.33466,4.861791,0.0,4.541625,11.251004,5.314842,-18.110295,-21.287869,-18.750001,152.317896,-0.222336,126.446707,-0.048469,0.525042,-0.142479
2024-06-06 12:09:59,66.443,0.0,5.889,52.33466,4.861791,0.0,1.216655,9.301584,2.873253,-16.442579,-23.59336,-17.869923,153.551409,-9.571663,116.659852,-0.646349,-0.580968,0.267781
2024-06-06 12:10:00,66.443,0.0,5.889,52.33466,4.861791,0.0,3.757856,7.472486,3.139252,-14.74853,-24.17206,-20.237868,152.286288,-5.752769,116.791984,0.324905,0.535428,-0.374307
2024-06-06 12:10:01,66.443,0.0,5.889,52.33466,4.861791,0.0,4.397589,11.522733,4.610957,-16.505515,-22.701839,-17.816913,154.532607,-0.987837,120.565365,-0.09614,0.243146,-0.096406
2024-06-06 12:10:02,66.443,0.0,5.889,52.33466,4.861791,0.0,2.116021,10.020902,4.990495,-15.840235,-24.891798,-16.796485,152.932154,-7.659086,115.556203,-0.753008,-0.432763,0.361923
2024-06-06 12:10:03,66.443,0.0,5.889,52.33466,4.861791,0.0,4.141569,6.823313,3.250721,-14.885295,-24.625368,-19.224266,156.554957,-7.054506,116.179158,0.253133,0.700011,-0.132625
2024-06-06 12:10:04,66.443,0.0,5.889,52.33466,4.861791,0.0,4.2313,12.231858,4.045892,-19.726104,-25.434927,-16.67978,158.772274,-1.387752,126.689228,-0.003063,0.054728,-0.176301
2024-06-06 12:10:05,66.443,0.0,5.889,52.33466,4.861791,0.0,2.247554,9.728272,3.410514,-17.014454,-31.203517,-15.176954,157.102523,-10.669289,124.165628,-0.572446,-0.488823,0.092145
2024-06-06 12:10:06,66.443,0.0,5.889,52.33466,4.861791,0.0,4.158427,7.746991,3.988321,-17.039339,-33.101472,-14.87978,158.293902,-5.331482,116.48208,0.297475,0.595083,-0.191881
2024-06-06 12:10:07,66.443,0.0,5.889,52.33466,4.861791,0.0,4.507037,10.940141,4.57345,-19.016912,-32.644854,-14.955883,168.103916,-5.015644,127.253239,-0.26059,0.159523,0.074702
2024-06-06 12:10:08,66.443,0.0,5.889,52.33466,4.861791,0.0,1.64899,7.824147,2.477409,-23.240626,-29.180861,-15.571876,167.655296,-8.037552,123.541941,-0.416918,-0.486426,0.219311
2024-06-06 12:10:09,66.443,0.0,5.889,52.33466,4.861791,0.0,4.918375,10.056902,4.983077,-19.535295,-28.301472,-20.056986,163.537933,-12.290494,111.124197,0.104795,0.219711,-0.23316
2024-06-06 12:10:10,66.443,0.0,5.889,52.33466,4.861791,0.0,3.987495,9.525899,2.183941,-20.051471,-26.546692,-20.95478,165.008144,-8.316446,128.059823,-0.004394,0.740891,-0.376438
2024-06-06 12:10:11,66.443,0.0,5.889,52.33466,4.861791,0.0,1.417604,8.690385,-0.313651,-18.676173,-27.781642,-23.553517,163.518939,-14.109502,123.382664,-0.567919,-0.462191,0.5566
2024-06-06 12:10:12,66.443,0.0,5.889,52.33466,4.861791,0.0,3.617888,8.040614,6.132075,-19.122795,-29.687869,-17.769486,27.609859,-8.107569,109.26323,0.482831,-0.154863,-0.371244
2024-06-06 12:10:13,66.443,0.0,5.889,52.33466,4.861791,0.0,3.324851,2.472731,8.506891,-20.345957,-32.080148,-10.866177,171.28997,0.992276,120.305077,-0.28123,0.605469,-0.797616
2024-06-06 12:10:14,66.443,0.0,5.889,52.33466,4.861791,0.0,3.0377,7.754265,5.80768,-19.627735,-27.638674,-16.766016,136.539373,-40.579187,113.83188,-1.172855,-0.482564,0.598012
2024-06-06 12:10:15,66.443,0.0,5.889,52.33466,4.861791,0.0,3.572065,7.346911,7.858807,-19.416177,3.448897,-37.642281,140.420786,-44.03387,121.194086,-0.248872,0.411991,0.08096
2024-06-06 12:10:16,66.443,0.0,5.889,52.33466,4.861791,0.0,1.241439,4.673843,7.945629,-20.937133,-15.580148,-32.831251,160.865178,-26.531351,127.443766,0.788428,0.343947,0.241815
2024-06-06 12:10:17,66.443,0.0,5.889,52.33466,4.861791,0.0,0.703813,3.553174,9.062684,-19.95586,-23.175001,-28.014845,145.937942,-26.335361,116.675152,-0.142213,-0.265517,0.165382
2024-06-06 12:10:18,66.443,0.0,5.889,52.33466,4.861791,0.0,1.153209,1.934083,9.622557,-18.668383,-14.029412,-32.895222,92.736835,-43.49888,74.385812,-0.788428,0.172972,-0.213719
2024-06-06 12:10:19,66.443,0.0,5.889,52.33466,4.861791,0.0,1.431937,1.696978,9.578984,-6.777574,-5.184927,-34.380884,21.778685,-21.230708,-1.6105,-0.208659,0.187886,0.313454
2024-06-06 12:10:20,66.443,0.0,5.889,52.33466,4.861791,0.0,-1.264858,0.640977,9.801803,-5.412891,3.834375,-37.802346,48.969311,-11.258356,-10.9307,-0.231429,-0.345944,-0.701077
2024-06-06 12:10:21,66.443,0.0,5.889,52.33466,4.861791,0.0,0.344351,0.912264,9.446625,-15.614339,-4.766912,-32.663605,116.774877,-9.490246,-8.971531,-0.282428,-0.229431,-0.931839
2024-06-06 12:10:22,66.443,0.0,5.889,52.33466,4.861791,0.0,-1.002078,1.339741,9.581269,-12.091545,-6.245956,-32.790443,98.61478,-3.286985,5.769536,-0.110388,0.235823,0.32677
2024-06-06 12:10:23,66.443,0.0,5.889,52.33466,4.861791,0.0,0.004223,3.661856,9.259147,-9.379688,2.030859,-38.469143,5.394975,-4.947806,-1.052705,0.131693,0.164716,1.710014
2024-06-06 12:10:24,66.443,0.0,5.889,52.33466,4.861791,0.0,-0.275845,3.457772,9.296965,8.481618,4.495588,-32.822428,-69.049846,-9.404591,11.386277,-0.025034,0.235823,1.404683
2024-06-06 12:10:25,66.443,0.0,5.889,52.33466,4.861791,0.0,-0.114796,2.968165,9.416978,9.882353,-15.125736,-31.055516,-79.8676,-20.641273,2.234114,0.001598,-0.100534,-0.005193
2024-06-06 12:10:26,66.443,0.0,5.889,52.33466,4.861791,0.0,-0.387362,3.267579,9.341663,6.754688,-17.170313,-32.983595,-93.275495,-20.528433,1.603885,0.004394,-0.009987,-0.009987
2024-06-06 12:10:27,66.443,0.0,5.889,52.33466,4.861791,0.0,-0.74546,3.703144,9.059885,5.615074,-16.390809,-35.482722,-104.93886,-17.157761,0.358765,-0.106127,-0.016378,0.007723
2024-06-06 12:10:28,66.443,0.0,5.889,52.33466,4.861791,0.0,-0.205615,3.19985,9.357623,5.484926,-14.791545,-35.62059,-106.558493,-19.557156,2.744722,0.060587,0.045274,-0.014781
2024-06-06 12:10:29,66.443,0.0,5.889,52.33466,4.861791,0.0,-0.073005,3.611463,9.209627,8.300391,-16.456641,-33.607033,-115.139311,-22.524355,5.142534,0.029028,-0.010653,0.127832
2024-06-06 12:10:30,66.443,0.0,5.889,52.33466,4.861791,0.0,-0.237392,3.427982,9.275825,5.75625,-17.758457,-33.414707,-120.351897,-18.692246,1.527919,-0.04301,0.074302,0.024901
2024-06-06 12:10:31,66.443,0.0,5.889,52.33466,4.861791,0.0,0.073712,3.091859,9.388888,5.940441,-16.594854,-32.861031,-119.878475,-21.378604,0.245566,-0.04301,0.074302,0.024901
2024-06-06 12:10:32,66.443,0.0,5.889,52.33466,4.861791,0.0,0.073712,3.091859,9.388888,4.942969,-18.111329,-32.172658,-116.300469,-20.158188,1.882655,0.071106,-0.048336,-0.034088
2024-06-06 12:10:33,66.443,0.0,5.889,52.33466,4.861791,0.0,0.073712,3.091859,9.388888,8.342647,-17.034927,-29.929413,-118.492878,-18.272906,-0.693716,-0.011585,0.0253,-0.096673
2024-06-06 12:10:34,66.443,0.0,5.889,52.33466,4.861791,0.0,0.073712,3.091859,9.388888,4.11875,-15.525001,-33.331251,-118.492878,-18.272906,-0.693716,-0.047404,-0.067112,0.091746
