Timestamp,altitude,course,hacc,latitude,longitude,speed,Acceleration_X,Acceleration_Y,Acceleration_Z,MagneticField_X,MagneticField_Y,MagneticField_Z,AngularVelocity_X,AngularVelocity_Y,AngularVelocity_Z,Orientation_X,Orientation_Y,Orientation_Z
2024-06-06 12:12:02,44.895,0.0,3.841,52.33476,4.861955,0.0,0.503632,2.150293,9.64524,3.065625,-17.184376,-34.303126,-0.111853,0.058723,-0.04554,-159.472391,-12.059467,-2.899291
2024-06-06 12:12:03,44.895,0.0,3.841,52.33476,4.861955,0.0,0.266907,3.016464,9.411869,2.784926,-17.503677,-34.113972,0.09867,0.022903,0.006258,-160.152325,-16.827192,-2.51528
2024-06-06 12:12:04,44.956,0.0,3.79,52.334761,4.861958,0.0,0.201224,3.200496,9.375905,3.440625,-20.061329,-33.963283,0.003329,-0.014248,-0.002929,-160.651702,-19.044738,-0.98763
2024-06-06 12:12:05,44.993,0.0,3.79,52.334762,4.861962,0.0,0.262624,3.214434,9.375522,2.858824,-20.284192,-36.119119,0.008123,-0.027564,-0.020107,-160.043711,-18.944415,-1.264999
2024-06-06 12:12:06,43.875,0.0,3.79,52.334767,4.861971,0.0,0.630844,3.432875,9.267558,1.519853,-20.867647,-34.056619,0.022903,-0.023968,-0.018243,-158.588668,-20.16681,-3.401496
2024-06-06 12:12:07,42.781,0.0,3.79,52.334772,4.861978,0.0,0.322002,3.67461,9.183569,0.762891,-21.164063,-36.24258,0.068576,0.048203,0.016245,-158.682993,-20.384394,-2.549311
2024-06-06 12:12:08,42.971,0.0,3.79,52.334775,4.861977,0.0,0.66018,3.117932,9.397356,1.345588,-22.006986,-35.000737,-0.110654,-0.068976,-0.029028,-157.496455,-19.903244,-3.297174
2024-06-06 12:12:09,42.971,0.0,3.79,52.334775,4.861977,0.0,0.797492,3.036935,9.404224,-0.055147,-19.988604,-36.475369,-0.110654,-0.068976,-0.029028,-156.719778,-17.572259,-4.566306
2024-06-06 12:12:10,42.971,0.0,3.79,52.334775,4.861977,0.0,0.850505,3.1097,9.351211,-0.207422,-19.875001,-36.025783,-0.006924,-0.01265,-0.015047,-156.752134,-17.997514,-4.930108
2024-06-06 12:12:11,42.971,0.0,3.79,52.334775,4.861977,0.0,0.76154,3.171674,9.368834,-0.497426,-20.198163,-36.050737,0.006392,0.006125,0.01012,-156.586936,-18.821232,-5.302389
2024-06-06 12:12:12,42.971,0.0,3.79,52.334775,4.861977,0.0,0.576802,3.372851,9.275837,0.819485,-20.841177,-36.315442,0.010786,0.010653,-0.007057,-156.988029,-19.743178,-3.997364
2024-06-06 12:12:13,42.971,0.0,3.79,52.334775,4.861977,0.0,0.273751,2.704201,9.519259,1.543359,-20.272266,-35.907424,0.0253,0.011585,0.005193,-156.013771,-17.037842,-1.821982
2024-06-06 12:12:14,42.971,0.0,3.79,52.334775,4.861977,0.0,2.787722,1.526358,9.129923,0.593382,-17.301839,-32.868752,-0.079229,0.026898,-0.01518,31.883583,-16.066947,-9.991878
2024-06-06 12:12:15,42.971,0.0,3.79,52.334775,4.861977,0.0,4.585091,0.045009,8.661886,-25.186766,-12.844854,-31.122796,0.030759,-0.292015,0.920654,135.542678,-3.274983,-27.133929
2024-06-06 12:12:16,42.971,0.0,3.79,52.334775,4.861977,0.0,3.91942,0.012993,9.067243,-29.807814,-4.147266,-30.915236,-0.072704,-0.001864,0.455267,130.498895,-0.537929,-24.554843
2024-06-06 12:12:17,42.971,0.0,3.79,52.334775,4.861977,0.0,4.166383,0.046373,8.94473,-27.95956,-5.076838,-33.838236,0.009854,0.082292,-0.098537,130.497736,-0.260056,-24.196762
2024-06-06 12:12:18,42.971,0.0,3.79,52.334775,4.861977,0.0,4.490527,0.03661,8.786421,-28.567281,-4.997426,-32.479413,0.006525,-0.039415,0.007723,130.07642,-0.082853,-26.032033
2024-06-06 12:12:19,42.971,0.0,3.79,52.334775,4.861977,0.0,4.863771,-0.014692,8.582552,-30.689064,-5.096484,-31.130861,0.007191,-0.046472,0.003196,129.94203,-0.216643,-28.180712
2024-06-06 12:12:20,42.971,0.0,3.79,52.334775,4.861977,0.0,5.117626,-0.159793,8.431493,-32.299633,-4.654412,-30.091545,-0.01012,-0.047937,0.004927,130.089553,0.582651,-30.986204
2024-06-06 12:12:21,42.971,0.0,3.79,52.334775,4.861977,0.0,5.003524,-0.078509,8.491458,-32.973531,-3.940809,-29.012869,-0.015446,-0.014248,0.002929,130.259961,1.08764,-31.642659
2024-06-06 12:12:22,42.971,0.0,3.79,52.334775,4.861977,0.0,4.464744,0.06853,8.806018,-30.978517,-4.580859,-28.673439,0.022504,0.028762,-0.013316,130.477743,-0.574679,-27.577949
2024-06-06 12:12:23,42.971,0.0,3.79,52.334775,4.861977,0.0,3.971404,-0.158812,9.023825,-30.014339,-5.149632,-32.361399,-0.006258,0.045141,-0.008922,131.200292,0.631984,-25.682195
2024-06-06 12:12:24,42.971,0.0,3.79,52.334775,4.861977,0.0,3.939388,0.237846,8.944766,-26.712133,-5.1,-34.604781,-0.024501,0.036086,0.004527,133.926,-0.139058,-23.113798
2024-06-06 12:12:25,42.971,0.0,3.79,52.334775,4.861977,0.0,4.623196,0.410955,8.587721,-28.737892,-6.304688,-34.357033,0.027164,-0.023835,-0.062717,133.692489,-1.203675,-23.720284
2024-06-06 12:12:26,42.971,0.0,3.79,52.334775,4.861977,0.0,2.877932,2.070473,9.157296,-30.258089,-8.277574,-31.458089,0.020373,-0.187486,-0.034088,141.025317,-7.965288,-26.484039
2024-06-06 12:12:27,42.971,0.0,3.79,52.334775,4.861977,0.0,0.379837,3.94111,8.643509,-9.361765,-17.820222,-35.128678,-0.130362,0.15686,-0.835167,-86.847669,-16.398533,-2.825255
2024-06-06 12:12:28,42.971,0.0,3.79,52.334775,4.861977,0.0,2.921876,1.478334,9.499231,1.824609,-19.500001,-33.210939,0.333827,0.051399,-0.555668,-92.35352,-21.333871,-14.155895
2024-06-06 12:12:29,42.971,0.0,3.79,52.334775,4.861977,0.0,3.695284,0.410154,9.169679,-12.615442,-13.346692,-31.030148,-0.054861,0.141414,1.438239,133.956268,-2.604146,-21.129186
2024-06-06 12:12:30,42.971,0.0,3.79,52.334775,4.861977,0.0,3.123626,1.567323,9.089855,-18.390442,-10.209927,-30.136766,-0.026498,-0.047937,0.045806,131.343325,-2.470498,-22.18494
2024-06-06 12:12:31,42.971,0.0,3.79,52.334775,4.861977,0.0,3.378343,2.117241,8.892818,-10.778907,-15.185157,-29.45508,-0.002131,-0.033822,-0.486825,162.437796,-16.25968,-17.680587
2024-06-06 12:12:32,42.971,0.0,3.79,52.334775,4.861977,0.0,3.760333,-0.106457,9.150046,-12.647427,-14.95478,-30.478678,0.022371,-0.080294,0.548744,131.133021,-6.589485,-24.379021
2024-06-06 12:12:33,42.971,0.0,3.79,52.334775,4.861977,0.0,3.042342,1.584695,8.992048,-19.684192,-7.733824,-32.894119,-0.061253,0.144743,0.062984,124.288611,0.499764,-22.464577
2024-06-06 12:12:34,42.971,0.0,3.79,52.334775,4.861977,0.0,-0.54469,3.919156,9.030704,-8.232422,-13.722657,-30.103126,-0.071772,0.066978,-0.69069,-35.619724,-16.001648,-5.832903
2024-06-06 12:12:35,42.971,0.0,3.79,52.334775,4.861977,0.0,-0.444323,4.453593,8.938999,9.847059,-16.656618,-31.204413,0.213186,-0.021572,-0.861399,-141.65594,-24.265053,2.838256
2024-06-06 12:12:36,42.971,0.0,3.79,52.334775,4.861977,0.0,-0.187884,4.455699,8.898285,10.723898,-16.541913,-31.01581,0.063117,-0.080028,-0.112652,-136.516633,-27.393431,1.404347
2024-06-06 12:12:37,42.971,0.0,3.79,52.334775,4.861977,0.0,0.134166,4.673063,8.768427,9.571875,-16.406251,-31.195314,-0.02783,-0.015846,0.004927,-136.948541,-26.373009,0.747981
2024-06-06 12:12:38,42.971,0.0,3.79,52.334775,4.861977,0.0,0.246138,5.144557,8.497787,9.08603,-17.477207,-30.991545,0.031558,-0.023569,0.015846,-138.994538,-28.661895,-1.894265
2024-06-06 12:12:39,42.971,0.0,3.79,52.334775,4.861977,0.0,-0.556319,5.813207,7.975912,8.769485,-19.498898,-29.613972,0.079362,0.007191,0.010519,-137.943746,-33.819942,0.091137
2024-06-06 12:12:40,42.971,0.0,3.79,52.334775,4.861977,0.0,-0.135984,4.150435,8.997252,12.053907,-21.08086,-25.031251,0.08389,0.077764,-0.04554,-136.945025,-32.732092,3.819703
2024-06-06 12:12:41,42.971,0.0,3.79,52.334775,4.861977,0.0,0.315877,4.036548,9.069025,11.252206,-16.096325,-24.585663,-0.216914,-0.029295,0.050866,-141.537259,-25.529338,-1.213513
2024-06-06 12:12:42,42.971,0.0,3.79,52.334775,4.861977,0.0,-0.156754,3.808177,9.14489,9.542647,-16.09853,-27.282354,-0.029694,-0.001198,0.031425,-141.782761,-22.52592,-0.508038
2024-06-06 12:12:43,42.971,0.0,3.79,52.334775,4.861977,0.0,-0.422549,3.889055,9.09153,9.68086,-15.083204,-29.282814,-0.012517,0.023968,-0.020373,-140.640209,-23.092026,1.108618
2024-06-06 12:12:44,42.971,0.0,3.79,52.334775,4.861977,0.0,-0.660156,3.821027,9.131573,10.357721,-15.040809,-30.470957,-0.000399,0.035819,-0.038749,-138.687475,-22.595915,3.801239
2024-06-06 12:12:45,42.971,0.0,3.79,52.334775,4.861977,0.0,1.116467,4.703452,8.611769,11.881986,-14.562133,-27.829413,0.004661,-0.005859,-0.013449,-138.892386,-23.939575,1.929587
2024-06-06 12:12:46,42.971,0.0,3.79,52.334775,4.861977,0.0,-0.04276,4.149346,9.015522,6.346875,-18.464063,-27.072657,0.072704,-0.118777,0.109722,-144.581966,-27.738167,-6.976906
2024-06-06 12:12:47,42.971,0.0,3.79,52.334775,4.861977,0.0,0.1507,4.010921,9.071956,8.821324,-15.853677,-30.012133,-0.035021,0.057125,-0.093211,-137.53052,-24.405953,0.567144
2024-06-06 12:12:48,42.971,0.0,3.79,52.334775,4.861977,0.0,0.215916,4.039539,9.065328,8.594118,-15.317648,-30.19081,-0.015579,-0.026232,-0.022104,-136.969562,-23.913832,-1.031932
2024-06-06 12:12:49,42.971,0.0,3.79,52.334775,4.861977,0.0,0.372802,4.109338,9.003019,9.236719,-15.34336,-29.056642,0.000799,-0.005859,-0.005326,-136.646858,-23.960983,-1.316208
2024-06-06 12:12:50,42.971,0.0,3.79,52.334775,4.861977,0.0,2.501182,4.164648,8.629511,8.669118,-15.649633,-28.113972,0.007723,-0.022237,0.010386,-137.501918,-24.48544,-3.232793
2024-06-06 12:12:51,42.971,0.0,3.79,52.334775,4.861977,0.0,6.417639,4.972196,2.018002,2.244485,-17.108824,-29.658089,0.032091,-0.095075,0.102532,-144.911097,-24.10308,-19.561873
2024-06-06 12:12:52,42.971,0.0,3.79,52.334775,4.861977,0.0,9.908583,-1.013097,-0.506668,-12.744141,-22.473048,-16.132032,0.697348,0.094409,1.09296,-26.255998,-37.549641,-95.467109
2024-06-06 12:12:53,42.971,0.0,3.79,52.334775,4.861977,0.0,8.527553,-5.238355,-1.014688,-34.996325,-0.801838,1.613603,0.697348,0.094409,1.09296,39.021141,15.460375,-86.745438
2024-06-06 12:12:54,42.971,0.0,3.79,52.334775,4.861977,0.0,7.038584,-4.817554,-1.9775,-43.641178,26.176104,-4.336765,-0.299739,-0.625842,0.061918,-99.614165,29.613883,-91.955863
2024-06-06 12:12:55,42.971,0.0,3.79,52.334775,4.861977,0.0,6.387102,-1.149979,-5.684246,-42.193362,22.252735,-10.882032,0.111453,0.062318,-0.174836,-95.379944,28.758672,-98.192645
2024-06-06 12:12:56,42.971,0.0,3.79,52.334775,4.861977,0.0,7.883956,3.620735,-4.976557,-36.048531,16.814339,16.29706,-0.455267,-0.476972,-0.494815,-160.349649,-3.91871,-124.370701
2024-06-06 12:12:57,42.971,0.0,3.79,52.334775,4.861977,0.0,7.764638,2.119419,-5.86768,-36.286766,-13.00478,21.066178,-0.306929,0.107991,-0.049801,-156.888866,-20.605581,-123.072949
2024-06-06 12:12:58,42.971,0.0,3.79,52.334775,4.861977,0.0,7.796079,2.784348,-5.505119,-35.523048,-7.945313,23.165626,0.060986,-0.071905,0.133957,-156.607298,-11.935956,-127.171292
2024-06-06 12:12:59,42.971,0.0,3.79,52.334775,4.861977,0.0,7.678783,2.721309,-5.726814,-34.745957,-5.563235,23.278677,-0.082158,0.066313,-0.093211,-156.171535,-16.518338,-124.902853
2024-06-06 12:13:00,42.971,0.0,3.79,52.334775,4.861977,0.0,7.787669,3.129094,-5.330994,-34.918016,-9.998162,22.234192,0.055261,-0.039947,0.031558,-157.582581,-15.917504,-126.868685
2024-06-06 12:13:01,42.971,0.0,3.79,52.334775,4.861977,0.0,7.982217,3.254071,-5.066575,-34.74844,-7.381641,22.746095,-0.057657,0.064049,-0.067378,-156.783962,-18.181605,-124.330152
2024-06-06 12:13:02,42.971,0.0,3.79,52.334775,4.861977,0.0,7.802911,2.964695,-5.383971,-35.671325,-11.690074,20.458457,-0.009721,0.012517,0.04301,-156.048761,-19.226423,-122.455003
2024-06-06 12:13:03,42.971,0.0,3.79,52.334775,4.861977,0.0,7.786759,3.345549,-5.26281,-35.069119,-7.71728,21.501839,0.012517,-0.019308,-0.013715,-156.88818,-16.863665,-124.21573
2024-06-06 12:13:04,42.971,0.0,3.79,52.334775,4.861977,0.0,7.789044,2.967076,-5.419109,-35.026173,-12.079688,20.620313,0.011851,-0.007856,-0.019707,-157.806731,-20.209435,-124.131964
2024-06-06 12:13:05,42.971,0.0,3.79,52.334775,4.861977,0.0,7.768107,3.509026,-5.184589,-34.891546,-7.997427,22.193383,-0.013848,0.005593,0.020107,-157.155017,-16.688955,-124.854959
2024-06-06 12:13:06,42.971,0.0,3.79,52.334775,4.861977,0.0,7.788829,2.739674,-5.558563,-35.202575,-12.195221,20.588604,0.00506,0.005726,-0.026232,-157.934317,-21.138994,-123.528987
2024-06-06 12:13:07,42.971,0.0,3.79,52.334775,4.861977,0.0,7.738963,3.483567,-5.244074,-34.912502,-7.996875,22.485938,0.023436,-0.041812,0.054994,-157.270122,-15.086173,-125.944049
2024-06-06 12:13:08,42.971,0.0,3.79,52.334775,4.861977,0.0,7.824004,2.871459,-5.445024,-34.911399,-11.629412,20.662501,-0.022504,0.04048,-0.061785,-158.149618,-21.552297,-123.62223
2024-06-06 12:13:09,42.971,0.0,3.79,52.334775,4.861977,0.0,7.759924,3.589784,-5.127771,-34.563972,-8.172794,22.022427,0.006791,-0.017311,0.04301,-157.081065,-15.669814,-125.241925
2024-06-06 12:13:10,42.971,0.0,3.79,52.334775,4.861977,0.0,7.808283,3.082733,-5.336377,-35.433986,-12.200391,19.829298,-0.010786,0.029827,-0.058723,-158.175253,-22.404205,-122.830267
2024-06-06 12:13:11,42.971,0.0,3.79,52.334775,4.861977,0.0,7.750592,3.229258,-5.350327,-35.285296,-8.695589,21.957354,-0.006924,-0.008655,0.0253,-157.367985,-16.564467,-125.005363
2024-06-06 12:13:12,42.971,0.0,3.79,52.334775,4.861977,0.0,7.815892,2.893868,-5.415735,-34.989707,-12.218383,20.497059,0.026765,-0.019175,0.017177,-158.135567,-20.867352,-123.780633
2024-06-06 12:13:13,42.971,0.0,3.79,52.334775,4.861977,0.0,7.699852,3.352033,-5.350794,-34.823439,-6.919922,22.245704,-0.020773,0.017976,0.001864,-156.944401,-14.562708,-125.357874
2024-06-06 12:13:14,42.971,0.0,3.79,52.334775,4.861977,0.0,7.76587,2.732867,-5.596788,-34.911398,-11.945956,20.32831,0.022504,-0.013449,-0.02277,-158.76219,-22.087002,-123.961857
2024-06-06 12:13:15,42.971,0.0,3.79,52.334775,4.861977,0.0,7.666341,3.724488,-5.178068,-34.505516,-7.434927,22.477942,0.007989,-0.017843,0.036219,-158.131898,-13.899976,-126.60828
2024-06-06 12:13:16,42.971,0.0,3.79,52.334775,4.861977,0.0,7.79395,2.299156,-5.77144,-34.809376,-11.91211,20.583985,-0.024634,0.042744,-0.071373,-159.054268,-23.145584,-123.285404
2024-06-06 12:13:17,42.971,0.0,3.79,52.334775,4.861977,0.0,7.645702,3.764783,-5.182615,-34.898163,-8.649265,22.162501,0.094143,-0.067511,0.123437,-158.807059,-13.134889,-127.013381
2024-06-06 12:13:18,42.971,0.0,3.79,52.334775,4.861977,0.0,7.822077,2.370653,-5.667424,-34.754781,-9.804045,21.231618,-0.102398,0.076433,-0.144476,-158.966911,-21.580396,-123.844956
2024-06-06 12:13:19,42.971,0.0,3.79,52.334775,4.861977,0.0,7.674046,2.32964,-5.870431,-34.828126,-8.660156,22.284376,0.078563,-0.065247,0.133557,-158.399335,-13.102336,-125.953352
2024-06-06 12:13:20,42.971,0.0,3.79,52.334775,4.861977,0.0,7.988044,1.675,-5.732725,-35.231252,-8.068015,22.528677,0.039947,-0.003196,0.023436,-159.14606,-13.630697,-123.981567
2024-06-06 12:13:21,42.971,0.0,3.79,52.334775,4.861977,0.0,8.060893,2.027068,-5.423787,-37.105149,-3.794118,24.154413,0.007324,0.035953,0.019042,-158.769777,-9.638461,-125.51545
2024-06-06 12:13:22,42.971,0.0,3.79,52.334775,4.861977,0.0,7.009834,-5.258946,1.507574,-37.79297,-3.772266,23.10586,-0.010919,0.01265,-0.016911,-158.854073,-10.365634,-124.140855
2024-06-06 12:13:23,42.971,0.0,3.79,52.334775,4.861977,0.0,0.576396,1.294966,8.812305,-38.24559,-0.10147,17.634927,0.469648,0.903344,0.973518,-94.828218,28.893199,-83.066709
2024-06-06 12:13:24,42.971,0.0,3.79,52.334775,4.861977,0.0,1.127546,2.763698,9.449041,-13.185663,18.513971,-29.792648,-0.115315,-0.026365,-0.139416,-91.126152,-2.011771,-11.534809
2024-06-06 12:13:25,42.971,0.0,3.79,52.334775,4.861977,0.0,0.883286,3.161026,9.37271,1.571484,-19.409766,-34.965236,-0.115315,-0.026365,-0.139416,-157.430044,-16.2285,-5.813678
2024-06-06 12:13:26,42.971,0.0,3.79,52.334775,4.861977,0.0,1.715965,2.242912,9.466521,2.272059,-19.616913,-33.061766,-0.115315,-0.026365,-0.139416,-156.154621,-17.732463,-5.887662
2024-06-06 12:13:27,42.971,0.0,3.79,52.334775,4.861977,0.0,5.081197,2.960838,6.256455,2.951471,-20.145221,-32.738604,0.079762,0.052597,0.013449,-160.094214,-13.400911,-8.792058
2024-06-06 12:13:28,42.971,0.0,3.79,52.334775,4.861977,0.0,8.624522,-1.878928,-2.314302,-4.299609,-18.848438,-38.068361,-0.079628,-0.11638,0.083091,-157.885426,-24.750352,-30.069466
2024-06-06 12:13:29,42.971,0.0,3.79,52.334775,4.861977,0.0,9.371023,-1.698844,-2.876616,-24.234927,-15.043015,-18.475368,0.700278,-1.149686,-0.285358,-28.731032,18.10894,-93.513374
2024-06-06 12:13:30,42.971,0.0,3.79,52.334775,4.861977,0.0,8.327705,0.0625,-5.02488,-44.877576,8.454044,13.570589,0.024634,-0.628239,0.301736,105.518775,15.248134,-106.457223
2024-06-06 12:13:31,42.971,0.0,3.79,52.334775,4.861977,0.0,7.251712,-0.122201,-5.863301,-49.05469,3.582422,14.961329,-0.263653,0.381631,0.363521,-170.091357,12.444948,-112.484599
2024-06-06 12:13:32,42.971,0.0,3.79,52.334775,4.861977,0.0,8.558265,-1.993066,-4.640353,-40.984193,-8.372427,24.73456,-0.201867,-0.436225,-0.250337,-165.022881,1.820768,-131.401622
2024-06-06 12:13:33,42.971,0.0,3.79,52.334775,4.861977,0.0,9.092929,1.046465,-2.353975,-38.588605,-1.321324,20.865442,0.040214,0.036885,0.470447,-152.092377,15.048931,-119.158923
2024-06-06 12:13:34,42.971,0.0,3.79,52.334775,4.861977,0.0,9.762477,1.467662,-1.506318,-39.162893,2.171484,15.639845,-0.088284,0.139683,-0.046872,-148.428904,3.648412,-109.516908
2024-06-06 12:13:35,42.971,0.0,3.79,52.334775,4.861977,0.0,9.768722,1.200551,-1.170389,-42.618752,-11.716544,4.284927,-0.151401,0.189084,-0.651409,-157.75256,-12.690437,-102.786182
2024-06-06 12:13:36,42.971,0.0,3.79,52.334775,4.861977,0.0,9.873899,1.116862,-1.113668,-44.852207,-11.626103,1.511029,0.243013,0.224771,0.263653,-159.906851,-6.875055,-97.14374
2024-06-06 12:13:37,42.971,0.0,3.79,52.334775,4.861977,0.0,9.822944,1.12099,-1.110724,-45.446486,-10.837501,1.272656,0.028229,0.016512,0.009055,-160.030597,-6.544517,-96.736566
2024-06-06 12:13:38,42.971,0.0,3.79,52.334775,4.861977,0.0,9.832204,1.052962,-1.029201,-45.723531,-10.45478,1.020221,0.003196,0.000133,0.003595,-160.095276,-6.586686,-96.767055
2024-06-06 12:13:39,42.971,0.0,3.79,52.334775,4.861977,0.0,9.838521,1.070668,-0.993249,-45.677207,-10.680883,1.645588,-0.002796,0.002663,0.003462,-159.902567,-6.113403,-96.215533
2024-06-06 12:13:40,42.971,0.0,3.79,52.334775,4.861977,0.0,9.821795,1.072583,-1.059685,-45.680861,-10.473047,1.394531,-0.001864,0.013183,0.004527,-159.675889,-6.088175,-95.717341
2024-06-06 12:13:41,42.971,0.0,3.79,52.334775,4.861977,0.0,9.825432,0.935797,-1.032252,-45.902207,-10.401839,1.333456,0.002264,-0.000133,-0.002131,-159.871692,-6.202983,-96.078446
2024-06-06 12:13:42,42.971,0.0,3.79,52.334775,4.861977,0.0,9.861372,0.909966,-0.993069,-45.795223,-10.514339,0.906618,0.005326,-0.004927,-0.001997,-159.309411,-5.720464,-96.605878
2024-06-06 12:13:43,42.971,0.0,3.79,52.334775,4.861977,0.0,9.852567,0.921931,-0.992363,-44.908595,-10.948829,1.797656,-0.001598,0.003329,0.014514,-158.346237,-5.358308,-95.80545
2024-06-06 12:13:44,42.971,0.0,3.79,52.334775,4.861977,0.0,9.867737,0.936718,-0.941097,-44.832355,-11.069118,1.396324,0.011452,-0.001465,-0.001997,-158.56956,-5.327731,-95.760882
2024-06-06 12:13:45,42.971,0.0,3.79,52.334775,4.861977,0.0,9.871171,0.878525,-0.876395,-45.119119,-11.061397,1.488971,0.000399,0.0,-0.000932,-158.585226,-5.419865,-95.543439
2024-06-06 12:13:46,42.971,0.0,3.79,52.334775,4.861977,0.0,9.88962,0.897045,-0.873703,-45.256643,-11.047266,1.248047,-0.000932,0.008655,0.000133,-158.568374,-5.106927,-95.303863
2024-06-06 12:13:47,42.971,0.0,3.79,52.334775,4.861977,0.0,9.867283,0.927626,-0.883693,-45.100369,-10.865074,1.088603,-0.001065,0.007324,0.003329,-158.485289,-5.163704,-95.261692
2024-06-06 12:13:48,42.971,0.0,3.79,52.334775,4.861977,0.0,9.86769,0.932555,-0.859203,-45.210663,-10.931251,0.798529,-0.000399,-0.000932,-0.001997,-154.57656,-5.266752,-95.141658
2024-06-06 12:13:49,42.971,0.0,3.79,52.334775,4.861977,0.0,9.881963,0.939302,-0.840718,-45.159928,-10.921324,1.213235,0.000799,-0.001465,-0.002929,-152.885049,-5.283722,-95.110715
2024-06-06 12:13:50,42.971,0.0,3.79,52.334775,4.861977,0.0,9.881448,0.949065,-0.842585,-45.342189,-11.206641,0.546094,0.003995,0.006125,-0.000799,-152.949639,-5.388981,-94.804423
2024-06-06 12:13:51,42.971,0.0,3.79,52.334775,4.861977,0.0,9.855295,0.958828,-0.84219,-45.15331,-11.041544,0.812868,-0.004394,-0.004128,-0.001598,-152.922769,-5.457058,-94.8595
2024-06-06 12:13:52,42.971,0.0,3.79,52.334775,4.861977,0.0,9.84698,0.957009,-0.855626,-45.430148,-11.380148,0.819485,0.001731,0.001465,-0.00253,-152.973897,-5.517232,-95.016919
2024-06-06 12:13:53,42.971,0.0,3.79,52.334775,4.861977,0.0,9.876926,0.956914,-0.815857,-45.281251,-11.075391,0.711328,0.000932,0.000932,-0.000799,-152.953696,-5.460047,-94.878871
2024-06-06 12:13:54,42.971,0.0,3.79,52.334775,4.861977,0.0,9.882896,0.917624,-0.807075,-45.136767,-11.101103,0.774265,-0.000799,-0.001997,-0.000399,-152.958729,-5.493806,-94.866336
2024-06-06 12:13:55,42.971,0.0,3.79,52.334775,4.861977,0.0,9.875849,0.907717,-0.789847,-45.349634,-11.09228,0.807353,0.000932,0.003462,0.0,-152.87225,-5.520217,-94.621934
2024-06-06 12:13:56,42.971,0.0,3.79,52.334775,4.861977,0.0,9.882214,0.911833,-0.787645,-45.066799,-10.872657,1.059375,-0.003862,0.000799,0.004394,-152.698717,-5.264919,-94.578037
2024-06-06 12:13:57,42.971,0.0,3.79,52.334775,4.861977,0.0,9.873983,0.925233,-0.799801,-45.087134,-10.898162,1.187868,-0.000266,0.000399,0.0,-152.632374,-5.164095,-94.48609
2024-06-06 12:13:58,42.971,0.0,3.79,52.334775,4.861977,0.0,9.875753,0.927673,-0.808463,-44.859928,-10.791177,1.740441,-0.000666,-0.000666,-0.001731,-152.720213,-5.317065,-94.579073
2024-06-06 12:13:59,42.971,0.0,3.79,52.334775,4.861977,0.0,9.875993,0.935857,-0.803055,-45.198049,-10.839844,0.874219,-0.000533,-0.000533,-0.001598,-152.809563,-5.300565,-94.578837
2024-06-06 12:14:00,42.971,0.0,3.79,52.334775,4.861977,0.0,9.878529,0.945476,-0.797552,-45.115811,-10.882721,0.586765,0.000666,-0.000932,0.0,-152.800309,-5.322735,-94.676501
2024-06-06 12:14:01,42.971,0.0,3.79,52.334775,4.861977,0.0,9.688228,1.019977,-1.047338,-45.081619,-10.940074,1.063235,0.000133,0.000399,-0.001465,-152.747534,-5.34623,-94.633152
2024-06-06 12:14:02,42.971,0.0,3.79,52.334775,4.861977,0.0,9.596559,-2.234394,-1.091199,-45.208595,-10.882032,1.144922,-0.000932,-0.000399,-0.001198,-152.707764,-5.450676,-94.605322
2024-06-06 12:14:03,42.971,0.0,3.79,52.334775,4.861977,0.0,9.292802,-3.360097,0.135099,-45.176472,-11.005148,1.6875,0.001465,-0.052198,0.001198,-151.222415,-3.543578,-98.418088
2024-06-06 12:14:04,42.971,0.0,3.79,52.334775,4.861977,0.0,9.347897,-3.165082,-0.048275,-46.238605,-1.826471,6.109191,0.238486,0.008123,0.287089,-156.968569,12.403289,-95.239361
2024-06-06 12:14:05,42.971,0.0,3.79,52.334775,4.861977,0.0,9.354106,-3.180971,-0.140076,-50.550002,4.0125,5.050781,0.051532,0.047804,0.136487,-165.813992,19.707085,-89.946003
2024-06-06 12:14:06,42.971,0.0,3.79,52.334775,4.861977,0.0,9.339007,-3.19711,-0.245037,-50.214708,5.209191,4.93125,-0.07337,-0.022637,-0.015446,-162.114245,18.842264,-90.616139
2024-06-06 12:14:07,42.971,0.0,3.79,52.334775,4.861977,0.0,9.343207,-3.178865,-0.240742,-50.211399,4.787868,6.392647,0.02277,0.023036,-0.006791,-162.800269,18.907485,-90.971042
2024-06-06 12:14:08,42.971,0.0,3.79,52.334775,4.861977,0.0,9.321863,-3.181999,-0.286612,-50.696487,4.823438,6.285938,-0.020906,-0.012384,0.004261,-162.355083,19.037948,-91.448546
2024-06-06 12:14:09,42.971,0.0,3.79,52.334775,4.861977,0.0,9.31728,-3.222737,-0.313902,-50.526841,4.699632,6.397059,-0.003728,-0.001598,-0.001065,-161.889551,18.768765,-91.637334
2024-06-06 12:14:10,42.971,0.0,3.79,52.334775,4.861977,0.0,9.350589,-3.155212,-0.336909,-50.392282,4.727206,6.452206,0.001731,0.010786,0.003329,-161.83283,18.856626,-91.768179
2024-06-06 12:14:11,42.971,0.0,3.79,52.334775,4.861977,0.0,9.318656,-3.203726,-0.321117,-50.346096,5.194922,7.013672,0.000266,-0.003595,0.001198,-161.775626,18.943585,-91.9963
2024-06-06 12:14:12,42.971,0.0,3.79,52.334775,4.861977,0.0,9.312459,-3.227654,-0.405607,-50.405517,5.002941,6.966176,-0.001065,-0.001731,-0.009587,-161.66457,18.619882,-91.967171
2024-06-06 12:14:13,42.971,0.0,3.79,52.334775,4.861977,0.0,9.319697,-3.199323,-0.408957,-50.172796,4.925735,6.853676,0.005193,0.001465,0.006392,-161.620436,18.945081,-92.074831
2024-06-06 12:14:14,42.971,0.0,3.79,52.334775,4.861977,0.0,9.341041,-3.169318,-0.329743,-50.084768,5.036719,7.008984,-0.013316,-0.021305,-0.000133,-161.477341,19.069812,-92.433783
2024-06-06 12:14:15,42.971,0.0,3.79,52.334775,4.861977,0.0,9.336818,-3.172955,-0.386273,-50.434194,4.765809,7.095221,-0.000133,0.001065,-0.001997,-161.525116,18.891562,-92.354755
2024-06-06 12:14:16,42.971,0.0,3.79,52.334775,4.861977,0.0,9.325667,-3.17774,-0.42542,-49.69412,4.670956,8.047059,0.001731,0.008922,-0.006525,-161.482195,18.677443,-92.21706
2024-06-06 12:14:17,42.971,0.0,3.79,52.334775,4.861977,0.0,9.323514,-3.202051,-0.399865,-49.696878,4.635938,7.935938,-0.002397,-0.008922,0.001332,-161.423114,18.708457,-92.445367
2024-06-06 12:14:18,42.971,0.0,3.79,52.334775,4.861977,0.0,9.322461,-3.186163,-0.412116,-49.216547,4.797794,8.581986,-0.000932,-0.004261,0.001198,-161.37176,18.805253,-92.528538
2024-06-06 12:14:19,42.971,0.0,3.79,52.334775,4.861977,0.0,9.351725,-3.135997,-0.311163,-49.816546,4.903676,7.680883,0.000799,0.003063,0.001332,-161.440906,18.919269,-92.435913
2024-06-06 12:14:20,42.971,0.0,3.79,52.334775,4.861977,0.0,9.340706,-3.159316,-0.357883,-50.350783,4.918359,7.517578,-0.000133,-0.000799,-0.000932,-161.456749,18.810385,-92.419643
2024-06-06 12:14:21,42.971,0.0,3.79,52.334775,4.861977,0.0,9.32806,-3.186307,-0.390293,-49.997429,4.791176,7.503309,0.003595,0.007989,-0.008922,-161.696908,18.416085,-91.796059
2024-06-06 12:14:22,42.971,0.0,3.79,52.334775,4.861977,0.0,9.317579,-3.22263,-0.367657,-50.370223,4.223162,6.810662,-0.004527,-0.009987,0.006791,-161.44652,18.644498,-92.198843
2024-06-06 12:14:23,42.971,0.0,3.79,52.334775,4.861977,0.0,9.318967,-3.215978,-0.378568,-49.965237,4.714453,7.691016,0.001731,0.004527,0.002796,-161.40287,18.841366,-92.364553
2024-06-06 12:14:24,42.971,0.0,3.79,52.334775,4.861977,0.0,9.327917,-3.181282,-0.406373,-50.163973,4.827574,7.206618,0.000399,0.000932,0.000799,-161.431163,19.017507,-92.229169
2024-06-06 12:14:25,42.971,0.0,3.79,52.334775,4.861977,0.0,9.32763,-3.190566,-0.397855,-50.402208,4.855147,7.172426,-0.000799,-0.001731,-0.000799,-161.414498,18.993335,-92.278581
2024-06-06 12:14:26,42.971,0.0,3.79,52.334775,4.861977,0.0,9.320547,-3.211048,-0.388714,-50.525393,4.898438,7.113281,-0.001864,-0.003862,-0.004661,-161.355455,18.845843,-92.421263
2024-06-06 12:14:27,42.971,0.0,3.79,52.334775,4.861977,0.0,9.362804,-3.110646,-0.184582,-50.051473,4.690809,7.654412,0.001864,0.002131,0.003462,-161.392887,18.827443,-92.443759
2024-06-06 12:14:28,42.971,0.0,3.79,52.334775,4.861977,0.0,9.319398,-3.214446,-0.441978,-49.972061,4.902574,7.845221,-0.000533,0.001065,-0.001065,-161.379609,18.904892,-92.364568
2024-06-06 12:14:29,42.971,0.0,3.79,52.334775,4.861977,0.0,9.331649,-3.160751,-0.517831,-49.721487,4.933594,8.506641,0.004661,0.031292,-0.013715,-161.441562,18.404527,-91.391476
2024-06-06 12:14:30,42.971,0.0,3.79,52.334775,4.861977,0.0,9.351414,-3.09916,-0.529556,-50.438605,4.355515,6.694853,0.004661,0.031292,-0.013715,-161.393056,18.846965,-92.611283
2024-06-06 12:14:31,42.971,0.0,3.79,52.334775,4.861977,0.0,9.34615,-3.120456,-0.513045,-49.888238,4.877206,8.224633,0.001065,-0.045141,0.018509,-161.267367,18.625366,-93.061039
2024-06-06 12:14:32,42.971,0.0,3.79,52.334775,4.861977,0.0,9.309683,-3.24316,-0.366844,-50.371878,4.532812,8.367188,-0.005193,-0.003063,-0.014514,-161.057812,18.224005,-93.217836
2024-06-06 12:14:33,42.971,0.0,3.79,52.334775,4.861977,0.0,9.336962,-3.187168,-0.216969,-50.086767,4.408456,8.477206,-0.001465,0.000932,-0.003595,-161.012199,18.307429,-93.214053
2024-06-06 12:14:34,42.971,0.0,3.79,52.334775,4.861977,0.0,9.331889,-3.168983,-0.344531,-50.223532,4.667647,8.220221,0.000932,0.000133,0.003462,-161.272738,19.031963,-92.368839
2024-06-06 12:14:35,42.971,0.0,3.79,52.334775,4.861977,0.0,9.274078,-3.363375,-0.166517,-50.138674,5.048438,7.078125,0.009587,0.014381,0.016645,-161.213007,18.859533,-91.326268
2024-06-06 12:14:36,42.971,0.0,3.79,52.334775,4.861977,0.0,9.306333,-3.255172,-0.355597,-50.6239,4.390809,6.536029,-0.003196,0.024235,-0.01518,-161.335675,18.48664,-92.032345
2024-06-06 12:14:37,42.971,0.0,3.79,52.334775,4.861977,0.0,9.312842,-3.25656,-0.225847,-49.981988,5.052574,7.419485,0.012783,-0.025833,0.010919,-163.392097,19.90236,-91.099389
2024-06-06 12:14:38,42.971,0.0,3.79,52.334775,4.861977,0.0,9.286281,-3.255579,-0.621536,-50.715237,5.26875,6.671484,0.02783,0.007989,0.001864,-164.217184,19.21912,-91.975618
2024-06-06 12:14:39,42.971,0.0,3.79,52.334775,4.861977,0.0,8.937671,-4.088006,-0.887941,-50.168384,5.313971,8.534559,0.014781,-0.029561,-0.005726,-163.55391,19.111728,-91.816204
2024-06-06 12:14:40,42.971,0.0,3.79,52.334775,4.861977,0.0,8.918636,-1.989967,1.898406,-50.787135,4.719485,6.850368,-0.018642,0.036752,0.002796,-161.028993,19.363013,-92.682177
2024-06-06 12:14:41,42.971,0.0,3.79,52.334775,4.861977,0.0,7.599268,1.913872,2.585545,-49.818752,6.15,9.330469,-0.021572,-0.047537,0.005726,-158.463949,24.283799,-96.819233
2024-06-06 12:14:42,42.971,0.0,3.79,52.334775,4.861977,0.0,-0.016638,4.688013,8.915009,-49.701841,8.747427,9.789706,-0.103597,-0.061386,0.094143,-160.026199,16.244271,-84.041835
2024-06-06 12:14:43,42.971,0.0,3.79,52.334775,4.861977,0.0,3.461529,3.05524,8.366923,-50.637135,-0.338603,-9.904412,0.237154,0.568851,-0.281363,-154.410415,-10.162962,-81.218051
2024-06-06 12:14:44,42.971,0.0,3.79,52.334775,4.861977,0.0,4.656756,0.885943,8.736028,-24.069142,-16.781251,-10.360547,-0.002131,-0.074302,0.335159,-131.940201,-28.437323,-0.602037
2024-06-06 12:14:45,42.971,0.0,3.79,52.334775,4.861977,0.0,3.74978,0.313591,9.107729,10.527574,-24.400369,-36.038605,-0.002131,-0.074302,0.335159,-21.724919,-22.170999,-13.902755
2024-06-06 12:14:46,42.971,0.0,3.79,52.334775,4.861977,0.0,3.252241,1.304567,9.213001,-15.558089,-23.266545,-37.402943,0.143411,-0.053529,1.059138,149.761034,-9.53038,-30.825938
2024-06-06 12:14:47,42.971,0.0,3.79,52.334775,4.861977,0.0,3.038311,0.647821,9.33275,-24.343361,-14.388282,-38.745704,-0.115048,0.210656,0.064715,150.711279,-3.225494,-21.583928
2024-06-06 12:14:48,42.971,0.0,3.79,52.334775,4.861977,0.0,3.634171,1.651107,9.044965,-21.143383,-11.180515,-37.179046,0.052864,-0.001065,0.081892,147.1138,-4.642679,-22.142296
2024-06-06 12:14:49,42.971,0.0,3.79,52.334775,4.861977,0.0,4.04009,1.448962,8.922883,-18.468751,-14.738604,-39.188605,-0.026898,0.094675,-0.071772,152.90071,-5.248247,-15.945951
2024-06-06 12:14:50,42.971,0.0,3.79,52.334775,4.861977,0.0,4.095747,1.258912,8.778333,-18.915235,-14.046095,-41.04258,0.072305,-0.166181,-0.123704,155.98865,-9.121021,-22.667317
2024-06-06 12:14:51,42.971,0.0,3.79,52.334775,4.861977,0.0,5.032357,-0.254297,8.564821,-20.705516,-17.74853,-38.268752,-0.031292,-0.014115,0.002264,156.203405,-8.360632,-23.8576
2024-06-06 12:14:52,42.971,0.0,3.79,52.334775,4.861977,0.0,2.244444,1.748232,9.388156,-23.016177,-16.970957,-37.936767,0.011718,-0.013715,0.001731,152.721262,-8.381444,-24.343503
2024-06-06 12:14:53,42.971,0.0,3.79,52.334775,4.861977,0.0,1.686952,2.9872,9.247697,-23.38711,-15.241407,-37.290236,-0.110654,-0.064848,0.092678,152.63759,-0.544044,-29.40621
2024-06-06 12:14:54,42.971,0.0,3.79,52.334775,4.861977,0.0,1.093987,3.079012,9.315295,-26.152942,-10.538603,-34.594854,0.071772,0.13196,-0.05819,24.991517,-6.3371,-20.536292
2024-06-06 12:14:55,42.971,0.0,3.79,52.334775,4.861977,0.0,1.389297,3.579256,9.138955,-7.786765,-21.111398,-41.772796,-0.060187,-0.001864,-1.006541,-148.862992,-14.35389,-9.391772
2024-06-06 12:14:56,42.971,0.0,3.79,52.334775,4.861977,0.0,1.335351,3.240564,9.293029,-0.945703,-25.312502,-42.479298,0.004128,0.041013,0.003995,-146.783527,-18.263399,-9.307053
2024-06-06 12:14:57,42.971,0.0,3.79,52.334775,4.861977,0.0,0.830214,3.484081,9.26209,2.971324,-25.281619,-41.895222,0.055261,-0.054595,-0.199337,-136.601524,-20.504921,-6.584736
2024-06-06 12:14:58,42.971,0.0,3.79,52.334775,4.861977,0.0,0.035067,3.619467,9.195342,3.176471,-26.905148,-41.674634,-0.049668,0.024235,0.006658,-135.463989,-19.52038,-8.165788
2024-06-06 12:14:59,42.971,0.0,3.79,52.334775,4.861977,0.0,3.73187,2.272057,8.533404,3.045703,-25.525783,-42.20508,0.082558,-0.013183,-0.002663,-136.596819,-21.302904,-7.165166
2024-06-06 12:15:00,42.971,0.0,3.79,52.334775,4.861977,0.0,1.991331,2.635036,9.002409,4.651103,-27.016545,-41.152943,-0.046605,0.121041,-0.010386,-135.974548,-19.992421,-1.725063
2024-06-06 12:15:01,42.971,0.0,3.79,52.334775,4.861977,0.0,1.344216,4.502096,8.591585,8.683456,-26.145222,-37.915811,-0.050866,-0.040613,0.493217,-18.183734,-21.99709,-9.232028
2024-06-06 12:15:02,42.971,0.0,3.79,52.334775,4.861977,0.0,-0.484463,3.62204,9.19338,-12.462891,-25.178907,-33.198048,0.172972,-0.170842,0.666988,161.530996,-15.583084,-27.622155
2024-06-06 12:15:03,42.971,0.0,3.79,52.334775,4.861977,0.0,-0.067621,3.845493,9.134912,-11.050368,-24.537133,-36.383825,0.151534,0.004527,-1.01959,-143.469765,-23.174073,-10.563909
2024-06-06 12:15:04,42.971,0.0,3.79,52.334775,4.861977,0.0,0.214947,3.942582,9.082305,2.199265,-32.369119,-37.809928,-0.164051,0.182826,-0.318514,-125.797706,-23.749421,1.505962
2024-06-06 12:15:05,42.971,0.0,3.79,52.334775,4.861977,0.0,0.790158,4.45467,8.787856,12.69375,-25.105079,-39.557814,0.022237,-0.010786,-0.004927,-123.504355,-21.637448,2.271557
2024-06-06 12:15:06,42.971,0.0,3.79,52.334775,4.861977,0.0,0.645871,4.288644,8.957161,12.751103,-25.627943,-36.736766,0.038349,-0.063783,0.029162,-126.525088,-23.7128,-1.121173
2024-06-06 12:15:07,42.971,0.0,3.79,52.334775,4.861977,0.0,0.232499,4.169685,8.928148,11.931618,-26.526839,-34.981987,-0.048469,0.011052,0.014647,-133.629179,-23.816825,-2.75034
2024-06-06 12:15:08,42.971,0.0,3.79,52.334775,4.861977,0.0,-0.659103,4.965478,8.542389,7.708594,-28.222267,-38.360158,0.11931,-0.05313,0.036219,-136.288696,-28.305258,-6.214069
2024-06-06 12:15:09,42.971,0.0,3.79,52.334775,4.861977,0.0,0.273356,3.726773,9.197161,7.66875,-29.769487,-37.882722,-0.117578,0.034621,-0.005193,-134.895236,-23.206027,-2.389652
2024-06-06 12:15:10,42.971,0.0,3.79,52.334775,4.861977,0.0,0.238529,3.838099,9.137974,9.10478,-28.359928,-40.32684,0.192946,0.217846,0.080427,-138.149901,-30.660052,4.194682
2024-06-06 12:15:11,42.971,0.0,3.79,52.334775,4.861977,0.0,0.284447,4.200492,8.986042,12.635157,-31.726173,-36.305861,-0.168844,-0.244611,-0.193612,-129.511938,-25.103231,-0.189789
2024-06-06 12:15:12,42.971,0.0,3.79,52.334775,4.861977,0.0,0.330868,4.341717,8.937037,8.772794,-24.314339,-41.155149,-0.001997,0.007191,0.015579,-127.3749,-22.04273,-2.041454
2024-06-06 12:15:13,42.971,0.0,3.79,52.334775,4.861977,0.0,0.452842,4.197011,8.92798,8.515809,-24.296692,-40.840811,-0.001997,0.007191,0.015579,-128.839,-23.932444,-1.627909
2024-06-06 12:15:14,42.971,0.0,3.79,52.334775,4.861977,0.0,0.452842,4.197011,8.92798,9.0,-25.246876,-39.352736,0.018509,-0.015579,0.007324,-128.361802,-27.124737,-1.837249
2024-06-06 12:15:15,42.971,0.0,3.79,52.334775,4.861977,0.0,0.452842,4.197011,8.92798,9.565809,-26.966913,-37.725002,0.072305,0.0253,0.039681,-126.26274,-24.565043,-2.842236
2024-06-06 12:15:16,42.971,0.0,3.79,52.334775,4.861977,0.0,0.452842,4.197011,8.92798,7.451786,-26.142859,-39.782144,-0.039814,-0.005459,0.008256,-126.26274,-24.565043,-2.842236
